," Long Term Drought Blend (gridMET Drought) at Lands, 2006-12-01 to 2021-09-30"
"2006-12-01",0.8445
"2006-12-06",0.7982
"2006-12-11",0.8988
"2006-12-16",0.8798
"2006-12-21",0.8174
"2006-12-26",0.8087
"2006-12-31",0.7212
"2007-01-05",0.5309
"2007-01-10",0.3902
"2007-01-15",0.3692
"2007-01-20",0.3356
"2007-01-25",0.2915
"2007-01-30",0.2723
"2007-02-04",0.2281
"2007-02-09",0.1893
"2007-02-14",0.1319
"2007-02-19",0.0076
"2007-02-24",-0.0149
"2007-03-01",-0.0511
"2007-03-06",-0.2324
"2007-03-11",-0.3695
"2007-03-16",-0.515
"2007-03-21",-0.5639
"2007-03-26",-0.6389
"2007-03-31",-0.7103
"2007-04-05",-0.873
"2007-04-10",-0.9652
"2007-04-15",-0.9843
"2007-04-20",-0.9317
"2007-04-25",-0.9121
"2007-04-30",-0.9443
"2007-05-05",-0.9275
"2007-05-10",-0.9686
"2007-05-15",-0.9789
"2007-05-20",-0.9452
"2007-05-25",-1.0641
"2007-05-30",-1.0687
"2007-06-04",-1.0193
"2007-06-09",-1.1111
"2007-06-14",-1.1009
"2007-06-19",-1.0932
"2007-06-24",-1.0824
"2007-06-29",-1.0671
"2007-07-04",-1.0544
"2007-07-09",-1.0437
"2007-07-14",-1.0229
"2007-07-19",-1.0013
"2007-07-24",-0.9929
"2007-07-29",-0.993
"2007-08-03",-0.9776
"2007-08-08",-0.9627
"2007-08-13",-0.9954
"2007-08-18",-0.9537
"2007-08-23",-0.9812
"2007-08-28",-0.9741
"2007-09-02",-0.9424
"2007-09-07",-0.9074
"2007-09-12",-0.871
"2007-09-17",-0.8666
"2007-09-22",-0.708
"2007-09-27",-0.6877
"2007-10-02",-0.6584
"2007-10-07",-0.6786
"2007-10-12",-0.5409
"2007-10-17",-0.4953
"2007-10-22",-0.5203
"2007-10-27",-0.5338
"2007-11-01",-0.5237
"2007-11-06",-0.5199
"2007-11-11",-0.5561
"2007-11-16",-0.5849
"2007-11-21",-0.5984
"2007-11-26",-0.646
"2007-12-01",-0.6947
"2007-12-06",-0.6866
"2007-12-11",-0.7191
"2007-12-16",-0.8114
"2007-12-21",-0.9072
"2007-12-26",-0.9449
"2007-12-31",-1.0191
"2008-01-05",-0.6921
"2008-01-10",-0.6562
"2008-01-15",-0.6514
"2008-01-20",-0.6864
"2008-01-25",-0.4395
"2008-01-30",-0.3289
"2008-02-04",-0.1948
"2008-02-09",-0.174
"2008-02-14",-0.2358
"2008-02-19",-0.2461
"2008-02-24",-0.0639
"2008-02-29",-0.1909
"2008-03-05",-0.2904
"2008-03-10",-0.3171
"2008-03-15",-0.3376
"2008-03-20",-0.3634
"2008-03-25",-0.4204
"2008-03-30",-0.4744
"2008-04-04",-0.5271
"2008-04-09",-0.5498
"2008-04-14",-0.5613
"2008-04-19",-0.585
"2008-04-24",-0.6033
"2008-04-29",-0.6133
"2008-05-04",-0.6322
"2008-05-09",-0.6406
"2008-05-14",-0.6612
"2008-05-19",-0.6813
"2008-05-24",-0.6885
"2008-05-29",-0.6795
"2008-06-03",-0.6841
"2008-06-08",-0.6745
"2008-06-13",-0.6681
"2008-06-18",-0.6599
"2008-06-23",-0.6611
"2008-06-28",-0.659
"2008-07-03",-0.7305
"2008-07-08",-0.736
"2008-07-13",-0.7211
"2008-07-18",-0.7158
"2008-07-23",-0.7641
"2008-07-28",-0.8191
"2008-08-02",-0.844
"2008-08-07",-0.805
"2008-08-12",-0.7876
"2008-08-17",-0.7724
"2008-08-22",-0.8527
"2008-08-27",-0.8174
"2008-09-01",-0.7904
"2008-09-06",-0.7818
"2008-09-11",-0.8384
"2008-09-16",-0.8264
"2008-09-21",-0.8165
"2008-09-26",-0.8009
"2008-10-01",-0.8314
"2008-10-06",-0.7979
"2008-10-11",-0.7939
"2008-10-16",-0.7798
"2008-10-21",-0.7908
"2008-10-26",-0.8405
"2008-10-31",-0.838
"2008-11-05",-0.7067
"2008-11-10",-0.7536
"2008-11-15",-0.7927
"2008-11-20",-0.8298
"2008-11-25",-0.8596
"2008-11-30",-0.7062
"2008-12-05",-0.7628
"2008-12-10",-0.9331
"2008-12-15",-0.7757
"2008-12-20",-0.8196
"2008-12-25",-0.7408
"2008-12-30",-0.8001
"2009-01-05",-0.9799
"2009-01-10",-1.017
"2009-01-15",-1.0294
"2009-01-20",-1.0726
"2009-01-25",-1.0834
"2009-01-30",-1.1739
"2009-02-04",-1.2232
"2009-02-09",-1.117
"2009-02-14",-1.0804
"2009-02-19",-0.9027
"2009-02-24",-0.9403
"2009-03-01",-0.9074
"2009-03-06",-0.7529
"2009-03-11",-0.7329
"2009-03-16",-0.7404
"2009-03-21",-0.8035
"2009-03-26",-0.7993
"2009-03-31",-0.7652
"2009-04-05",-0.7593
"2009-04-10",-0.7233
"2009-04-15",-0.7306
"2009-04-20",-0.7433
"2009-04-25",-0.7747
"2009-04-30",-0.783
"2009-05-05",-0.7751
"2009-05-10",-0.7784
"2009-05-15",-0.7857
"2009-05-20",-0.7925
"2009-05-25",-0.8015
"2009-05-30",-0.8037
"2009-06-04",-0.801
"2009-06-09",-0.7837
"2009-06-14",-0.8119
"2009-06-19",-0.7925
"2009-06-24",-0.8082
"2009-06-29",-0.7861
"2009-07-04",-0.7578
"2009-07-09",-0.7526
"2009-07-14",-0.7468
"2009-07-19",-0.7341
"2009-07-24",-0.7435
"2009-07-29",-0.7236
"2009-08-03",-0.7037
"2009-08-08",-0.7541
"2009-08-13",-0.7526
"2009-08-18",-0.7853
"2009-08-23",-0.7858
"2009-08-28",-0.7638
"2009-09-02",-0.8355
"2009-09-07",-0.8289
"2009-09-12",-0.7885
"2009-09-17",-0.7258
"2009-09-22",-0.7034
"2009-09-27",-0.6881
"2009-10-02",-0.6276
"2009-10-07",-0.6839
"2009-10-12",-0.6845
"2009-10-17",-0.1959
"2009-10-22",-0.1667
"2009-10-27",-0.1374
"2009-11-01",-0.1402
"2009-11-06",-0.1238
"2009-11-11",-0.0991
"2009-11-16",-0.1509
"2009-11-21",-0.1869
"2009-11-26",-0.2488
"2009-12-01",-0.3007
"2009-12-06",-0.3445
"2009-12-11",-0.2889
"2009-12-16",-0.2667
"2009-12-21",-0.2669
"2009-12-26",-0.3189
"2009-12-31",-0.3518
"2010-01-05",-0.5092
"2010-01-10",-0.5609
"2010-01-15",-0.5578
"2010-01-20",-0.2448
"2010-01-25",-0.2705
"2010-01-30",-0.2389
"2010-02-04",-0.1896
"2010-02-09",-0.148
"2010-02-14",-0.1485
"2010-02-19",-0.2841
"2010-02-24",-0.2483
"2010-03-01",-0.1351
"2010-03-06",-0.0983
"2010-03-11",-0.1048
"2010-03-16",-0.108
"2010-03-21",-0.1332
"2010-03-26",-0.146
"2010-03-31",-0.1375
"2010-04-05",-0.0565
"2010-04-10",-0.0789
"2010-04-15",-0.0424
"2010-04-20",0.0494
"2010-04-25",0.1247
"2010-04-30",0.2127
"2010-05-05",0.2689
"2010-05-10",0.3113
"2010-05-15",0.3303
"2010-05-20",0.3413
"2010-05-25",0.3556
"2010-05-30",0.3691
"2010-06-04",0.3695
"2010-06-09",0.3423
"2010-06-14",0.3122
"2010-06-19",0.3137
"2010-06-24",0.3103
"2010-06-29",0.2989
"2010-07-04",0.3141
"2010-07-09",0.3387
"2010-07-14",0.3577
"2010-07-19",0.2339
"2010-07-24",0.2258
"2010-07-29",0.2203
"2010-08-03",0.222
"2010-08-08",0.2101
"2010-08-13",0.2303
"2010-08-18",0.2865
"2010-08-23",0.2602
"2010-08-28",0.228
"2010-09-02",0.2248
"2010-09-07",0.2127
"2010-09-12",0.2321
"2010-09-17",0.2554
"2010-09-22",0.2999
"2010-09-27",0.275
"2010-10-02",0.1932
"2010-10-07",0.2567
"2010-10-12",0.1653
"2010-10-17",0.0345
"2010-10-22",-0.0254
"2010-10-27",0.0711
"2010-11-01",0.0469
"2010-11-06",0.0121
"2010-11-11",0.0867
"2010-11-16",0.0614
"2010-11-21",0.2029
"2010-11-26",0.2069
"2010-12-01",0.1798
"2010-12-06",0.1891
"2010-12-11",0.1193
"2010-12-16",0.0805
"2010-12-21",0.2622
"2010-12-26",0.2659
"2010-12-31",0.341
"2011-01-05",0.4915
"2011-01-10",0.5631
"2011-01-15",0.5153
"2011-01-20",0.3737
"2011-01-25",0.3184
"2011-01-30",0.2817
"2011-02-04",0.2363
"2011-02-09",0.1163
"2011-02-14",0.074
"2011-02-19",0.3238
"2011-02-24",0.2724
"2011-03-01",0.2682
"2011-03-06",0.137
"2011-03-11",0.111
"2011-03-16",0.097
"2011-03-21",0.2867
"2011-03-26",0.4363
"2011-03-31",0.4511
"2011-04-05",0.3955
"2011-04-10",0.4098
"2011-04-15",0.4164
"2011-04-20",0.401
"2011-04-25",0.3849
"2011-04-30",0.3907
"2011-05-05",0.3841
"2011-05-10",0.3845
"2011-05-15",0.4242
"2011-05-20",0.4265
"2011-05-25",0.4271
"2011-05-30",0.4408
"2011-06-04",0.4663
"2011-06-09",0.4944
"2011-06-14",0.5138
"2011-06-19",0.4581
"2011-06-24",0.4645
"2011-06-29",0.4628
"2011-07-04",0.4511
"2011-07-09",0.4535
"2011-07-14",0.4544
"2011-07-19",0.4625
"2011-07-24",0.4917
"2011-07-29",0.4922
"2011-08-03",0.4982
"2011-08-08",0.5051
"2011-08-13",0.5398
"2011-08-18",0.4762
"2011-08-23",0.5036
"2011-08-28",0.503
"2011-09-02",0.5082
"2011-09-07",0.5125
"2011-09-12",0.5048
"2011-09-17",0.4458
"2011-09-22",0.3648
"2011-09-27",0.3461
"2011-10-02",0.3302
"2011-10-07",0.5072
"2011-10-12",0.5421
"2011-10-17",0.5326
"2011-10-22",0.5428
"2011-10-27",0.5337
"2011-11-01",0.4978
"2011-11-06",0.5371
"2011-11-11",0.4996
"2011-11-16",0.4466
"2011-11-21",0.4639
"2011-11-26",0.4062
"2011-12-01",0.2948
"2011-12-06",0.2366
"2011-12-11",0.1637
"2011-12-16",0.0958
"2011-12-21",-0.1003
"2011-12-26",-0.2379
"2011-12-31",-0.4395
"2012-01-05",-0.5838
"2012-01-10",-0.6394
"2012-01-15",-0.6589
"2012-01-20",-0.7873
"2012-01-25",-0.7536
"2012-01-30",-0.8524
"2012-02-04",-0.8749
"2012-02-09",-0.8941
"2012-02-14",-0.8901
"2012-02-19",-1.0338
"2012-02-24",-1.0576
"2012-02-29",-1.1914
"2012-03-05",-1.2787
"2012-03-10",-1.3222
"2012-03-15",-1.4048
"2012-03-20",-1.2989
"2012-03-25",-1.2832
"2012-03-30",-1.2804
"2012-04-04",-1.3237
"2012-04-09",-1.3079
"2012-04-14",-1.0276
"2012-04-19",-1.0117
"2012-04-24",-0.9982
"2012-04-29",-0.952
"2012-05-04",-0.9636
"2012-05-09",-0.9749
"2012-05-14",-0.9902
"2012-05-19",-1.0309
"2012-05-24",-1.0145
"2012-05-29",-1.0183
"2012-06-03",-1.0069
"2012-06-08",-0.9831
"2012-06-13",-0.9771
"2012-06-18",-0.9759
"2012-06-23",-0.9667
"2012-06-28",-0.9463
"2012-07-03",-0.9187
"2012-07-08",-0.9084
"2012-07-13",-0.9026
"2012-07-18",-0.897
"2012-07-23",-0.9174
"2012-07-28",-0.9066
"2012-08-02",-0.8925
"2012-08-07",-0.8533
"2012-08-12",-0.8606
"2012-08-17",-0.811
"2012-08-22",-0.7563
"2012-08-27",-0.7096
"2012-09-01",-0.6884
"2012-09-06",-0.6521
"2012-09-11",-0.6431
"2012-09-16",-0.7021
"2012-09-21",-0.7134
"2012-09-26",-0.6875
"2012-10-01",-0.7121
"2012-10-06",-0.7524
"2012-10-11",-1.0182
"2012-10-16",-0.9889
"2012-10-21",-0.9895
"2012-10-26",-0.9625
"2012-10-31",-0.9549
"2012-11-05",-1.0216
"2012-11-10",-1.0871
"2012-11-15",-1.1209
"2012-11-20",-0.7935
"2012-11-25",-0.7984
"2012-11-30",-0.4947
"2012-12-05",-0.313
"2012-12-10",-0.3208
"2012-12-15",-0.3129
"2012-12-20",-0.3392
"2012-12-25",-0.1233
"2012-12-30",-0.1095
"2013-01-05",-0.2585
"2013-01-10",-0.2092
"2013-01-15",-0.1394
"2013-01-20",-0.1907
"2013-01-25",-0.2453
"2013-01-30",-0.2779
"2013-02-04",-0.3322
"2013-02-09",-0.3526
"2013-02-14",-0.4492
"2013-02-19",-0.5715
"2013-02-24",-0.6561
"2013-03-01",-0.6458
"2013-03-06",-0.7133
"2013-03-11",-0.7046
"2013-03-16",-0.7522
"2013-03-21",-0.9108
"2013-03-26",-1.0189
"2013-03-31",-1.0541
"2013-04-05",-1.019
"2013-04-10",-1.0776
"2013-04-15",-1.2736
"2013-04-20",-1.2986
"2013-04-25",-1.3366
"2013-04-30",-1.3396
"2013-05-05",-1.3556
"2013-05-10",-1.3675
"2013-05-15",-1.4257
"2013-05-20",-1.4762
"2013-05-25",-1.4597
"2013-05-30",-1.6134
"2013-06-04",-1.6208
"2013-06-09",-1.5944
"2013-06-14",-1.5736
"2013-06-19",-1.5642
"2013-06-24",-1.6217
"2013-06-29",-1.6052
"2013-07-04",-1.5983
"2013-07-09",-1.5904
"2013-07-14",-1.5818
"2013-07-19",-1.5729
"2013-07-24",-1.5217
"2013-07-29",-1.4889
"2013-08-03",-1.4795
"2013-08-08",-1.4699
"2013-08-13",-1.4606
"2013-08-18",-1.451
"2013-08-23",-1.42
"2013-08-28",-1.3787
"2013-09-02",-1.397
"2013-09-07",-1.444
"2013-09-12",-1.4188
"2013-09-17",-1.4308
"2013-09-22",-1.4002
"2013-09-27",-1.3798
"2013-10-02",-1.4207
"2013-10-07",-1.4263
"2013-10-12",-1.4579
"2013-10-17",-1.4861
"2013-10-22",-1.4393
"2013-10-27",-1.4896
"2013-11-01",-1.5015
"2013-11-06",-1.5614
"2013-11-11",-1.5979
"2013-11-16",-1.6603
"2013-11-21",-1.6195
"2013-11-26",-1.6235
"2013-12-01",-1.7129
"2013-12-06",-1.7312
"2013-12-11",-1.8214
"2013-12-16",-1.8509
"2013-12-21",-1.8752
"2013-12-26",-1.8773
"2013-12-31",-1.8351
"2014-01-05",-1.8499
"2014-01-10",-1.9009
"2014-01-15",-1.9323
"2014-01-20",-1.9605
"2014-01-25",-2.0689
"2014-01-30",-2.0913
"2014-02-04",-2.0782
"2014-02-09",-2.1049
"2014-02-14",-2.2085
"2014-02-19",-2.2467
"2014-02-24",-2.249
"2014-03-01",-2.0211
"2014-03-06",-2.0775
"2014-03-11",-2.0782
"2014-03-16",-2.0653
"2014-03-21",-2.1252
"2014-03-26",-2.1202
"2014-03-31",-2.1119
"2014-04-05",-2.0628
"2014-04-10",-2.0716
"2014-04-15",-2.1914
"2014-04-20",-2.1911
"2014-04-25",-2.1224
"2014-04-30",-2.1301
"2014-05-05",-2.1462
"2014-05-10",-2.1685
"2014-05-15",-2.1722
"2014-05-20",-2.1852
"2014-05-25",-2.1432
"2014-05-30",-2.1446
"2014-06-04",-2.1009
"2014-06-09",-2.0841
"2014-06-14",-2.0655
"2014-06-19",-2.0427
"2014-06-24",-2.0312
"2014-06-29",-1.993
"2014-07-04",-1.9668
"2014-07-09",-1.9448
"2014-07-14",-1.9256
"2014-07-19",-1.9122
"2014-07-24",-1.8752
"2014-07-29",-1.8527
"2014-08-03",-1.8419
"2014-08-08",-1.8256
"2014-08-13",-1.7828
"2014-08-18",-1.7072
"2014-08-23",-1.6628
"2014-08-28",-1.8342
"2014-09-02",-1.7578
"2014-09-07",-1.7272
"2014-09-12",-1.6919
"2014-09-17",-1.6678
"2014-09-22",-1.6239
"2014-09-27",-1.7345
"2014-10-02",-1.7733
"2014-10-07",-1.7558
"2014-10-12",-1.7451
"2014-10-17",-1.741
"2014-10-22",-1.9564
"2014-10-27",-1.9302
"2014-11-01",-1.5129
"2014-11-06",-1.4579
"2014-11-11",-1.4432
"2014-11-16",-1.4344
"2014-11-21",-1.4949
"2014-11-26",-1.4786
"2014-12-01",-1.4563
"2014-12-06",-1.2183
"2014-12-11",-0.9056
"2014-12-16",-0.7358
"2014-12-21",-0.7016
"2014-12-26",-0.6664
"2014-12-31",-0.7657
"2015-01-05",-0.778
"2015-01-10",-0.8329
"2015-01-15",-0.8466
"2015-01-20",-0.9313
"2015-01-25",-0.906
"2015-01-30",-0.9493
"2015-02-04",-1.0824
"2015-02-09",-0.9175
"2015-02-14",-0.9083
"2015-02-19",-0.9636
"2015-02-24",-1.0267
"2015-03-01",-1.2605
"2015-03-06",-1.282
"2015-03-11",-1.3129
"2015-03-16",-1.3448
"2015-03-21",-1.4385
"2015-03-26",-1.5018
"2015-03-31",-1.5863
"2015-04-05",-1.6467
"2015-04-10",-1.5937
"2015-04-15",-1.5467
"2015-04-20",-1.5807
"2015-04-25",-1.6421
"2015-04-30",-1.7196
"2015-05-05",-1.7246
"2015-05-10",-1.6886
"2015-05-15",-1.6103
"2015-05-20",-1.6004
"2015-05-25",-1.5719
"2015-05-30",-1.5708
"2015-06-04",-1.6627
"2015-06-09",-1.7602
"2015-06-14",-1.7788
"2015-06-19",-1.7753
"2015-06-24",-1.6809
"2015-06-29",-1.6659
"2015-07-04",-1.6568
"2015-07-09",-1.6463
"2015-07-14",-1.6342
"2015-07-19",-1.6039
"2015-07-24",-1.5878
"2015-07-29",-1.5651
"2015-08-03",-1.5336
"2015-08-08",-1.5741
"2015-08-13",-1.5621
"2015-08-18",-1.5258
"2015-08-23",-1.4928
"2015-08-28",-1.4711
"2015-09-02",-1.4456
"2015-09-07",-1.431
"2015-09-12",-1.3879
"2015-09-17",-1.3418
"2015-09-22",-1.2861
"2015-09-27",-1.267
"2015-10-02",-1.2375
"2015-10-07",-1.2207
"2015-10-12",-1.2043
"2015-10-17",-1.179
"2015-10-22",-1.208
"2015-10-27",-1.2303
"2015-11-01",-1.3463
"2015-11-06",-1.0832
"2015-11-11",-1.0159
"2015-11-16",-0.9538
"2015-11-21",-0.9599
"2015-11-26",-0.9276
"2015-12-01",-0.9753
"2015-12-06",-1.0659
"2015-12-11",-1.1436
"2015-12-16",-1.155
"2015-12-21",-1.0799
"2015-12-26",-0.9271
"2015-12-31",-0.9849
"2016-01-05",-0.998
"2016-01-10",-0.921
"2016-01-15",-0.8876
"2016-01-20",-0.7528
"2016-01-25",-0.7188
"2016-01-30",-0.6927
"2016-02-04",-0.6669
"2016-02-09",-0.712
"2016-02-14",-0.7233
"2016-02-19",-0.732
"2016-02-24",-0.7343
"2016-02-29",-0.8907
"2016-03-05",-0.7752
"2016-03-10",-0.6527
"2016-03-15",-0.5668
"2016-03-20",-0.6155
"2016-03-25",-0.6187
"2016-03-30",-0.6467
"2016-04-04",-0.6595
"2016-04-09",-0.6488
"2016-04-14",-0.6428
"2016-04-19",-0.653
"2016-04-24",-0.6495
"2016-04-29",-0.6306
"2016-05-04",-0.6617
"2016-05-09",-0.6606
"2016-05-14",-0.6824
"2016-05-19",-0.6912
"2016-05-24",-0.6971
"2016-05-29",-0.6964
"2016-06-03",-0.6975
"2016-06-08",-0.6995
"2016-06-13",-0.6995
"2016-06-18",-0.7094
"2016-06-23",-0.7367
"2016-06-28",-0.7287
"2016-07-03",-0.722
"2016-07-08",-0.733
"2016-07-13",-0.7313
"2016-07-18",-0.7721
"2016-07-23",-0.7704
"2016-07-28",-0.7665
"2016-08-02",-0.7547
"2016-08-07",-0.7524
"2016-08-12",-0.7326
"2016-08-17",-0.6881
"2016-08-22",-0.6616
"2016-08-27",-0.6112
"2016-09-01",-0.6412
"2016-09-06",-0.6827
"2016-09-11",-0.788
"2016-09-16",-0.7762
"2016-09-21",-0.7008
"2016-09-26",-0.6907
"2016-10-01",-0.6715
"2016-10-06",-0.69
"2016-10-11",-0.7297
"2016-10-16",-0.6387
"2016-10-21",-0.695
"2016-10-26",-0.7095
"2016-10-31",-0.3934
"2016-11-05",-0.4443
"2016-11-10",-0.4962
"2016-11-15",-0.5214
"2016-11-20",-0.4283
"2016-11-25",-0.457
"2016-11-30",-0.414
"2016-12-05",-0.4747
"2016-12-10",-0.4843
"2016-12-15",-0.4653
"2016-12-20",-0.5292
"2016-12-25",-0.5309
"2016-12-30",-0.6116
"2017-01-05",-0.5576
"2017-01-10",-0.346
"2017-01-15",-0.3117
"2017-01-20",-0.1296
"2017-01-25",0.0617
"2017-01-30",0.1322
"2017-02-04",0.2563
"2017-02-09",0.3492
"2017-02-14",0.3804
"2017-02-19",0.5025
"2017-02-24",0.6017
"2017-03-01",0.6162
"2017-03-06",0.5779
"2017-03-11",0.5371
"2017-03-16",0.4875
"2017-03-21",0.4975
"2017-03-26",0.56
"2017-03-31",0.5734
"2017-04-05",0.5384
"2017-04-10",0.5394
"2017-04-15",0.5338
"2017-04-20",0.5857
"2017-04-25",0.5669
"2017-04-30",0.5416
"2017-05-05",0.5375
"2017-05-10",0.5564
"2017-05-15",0.5639
"2017-05-20",0.5535
"2017-05-25",0.5441
"2017-05-30",0.5312
"2017-06-04",0.5283
"2017-06-09",0.5125
"2017-06-14",0.4951
"2017-06-19",0.4919
"2017-06-24",0.4877
"2017-06-29",0.5038
"2017-07-04",0.4633
"2017-07-09",0.4033
"2017-07-14",0.4055
"2017-07-19",0.3449
"2017-07-24",0.301
"2017-07-29",0.3138
"2017-08-03",0.2938
"2017-08-08",0.254
"2017-08-13",0.255
"2017-08-18",0.2398
"2017-08-23",0.1789
"2017-08-28",0.2135
"2017-09-02",0.2331
"2017-09-07",0.2531
"2017-09-12",0.2697
"2017-09-17",0.2434
"2017-09-22",0.2039
"2017-09-27",0.177
"2017-10-02",0.165
"2017-10-07",0.1143
"2017-10-12",0.0389
"2017-10-17",-0.1466
"2017-10-22",-0.0674
"2017-10-27",-0.1335
"2017-11-01",-0.2669
"2017-11-06",-0.2205
"2017-11-11",-0.3209
"2017-11-16",-0.2883
"2017-11-21",-0.3853
"2017-11-26",-0.3332
"2017-12-01",-0.4254
"2017-12-06",-0.4994
"2017-12-11",-0.5747
"2017-12-16",-0.6807
"2017-12-21",-0.7108
"2017-12-26",-0.7681
"2017-12-31",-0.8644
"2018-01-05",-0.9933
"2018-01-10",-0.7777
"2018-01-15",-0.7808
"2018-01-20",-0.832
"2018-01-25",-0.9991
"2018-01-30",-1.037
"2018-02-04",-1.1044
"2018-02-09",-1.191
"2018-02-14",-1.2905
"2018-02-19",-1.3604
"2018-02-24",-1.3672
"2018-03-01",-1.3701
"2018-03-06",-1.451
"2018-03-11",-1.4794
"2018-04-05",-1.2285
"2018-04-10",-1.1758
"2018-05-05",-1.2875
"2018-05-10",-1.3064
"2018-05-15",-1.3124
"2018-05-20",-1.2944
"2018-05-25",-1.273
"2018-05-30",-1.2611
"2018-06-04",-1.2564
"2018-06-09",-1.2391
"2018-06-14",-1.2401
"2018-06-19",-1.2308
"2018-06-24",-1.212
"2018-06-29",-1.1893
"2018-07-04",-1.1661
"2018-08-13",-1.1112
"2018-08-18",-1.0525
"2018-08-23",-0.9965
"2018-08-28",-1.0365
"2018-09-02",-1.0086
"2018-09-07",-0.9991
"2018-09-12",-0.9923
"2018-09-17",-1.1292
"2018-09-22",-1.1794
"2018-09-27",-1.1672
"2018-10-02",-1.1433
"2018-10-07",-1.0567
"2018-10-12",-1.0844
"2018-10-17",-1.0855
"2018-10-22",-1.0782
"2018-10-27",-1.0876
"2018-11-01",-1.1477
"2018-11-06",-1.1509
"2018-11-11",-1.2813
"2018-11-16",-1.3252
"2018-11-21",-1.1404
"2018-11-26",-1.0572
"2018-12-01",-0.68
"2018-12-06",-0.5965
"2018-12-11",-0.6101
"2018-12-16",-0.5263
"2018-12-21",-0.5228
"2018-12-26",-0.4622
"2018-12-31",-0.5484
"2019-01-05",-0.5934
"2019-01-10",-0.6857
"2019-01-15",-0.5819
"2019-01-20",-0.5149
"2019-01-25",-0.5851
"2019-01-30",-0.5249
"2019-02-04",-0.1784
"2019-02-09",-0.0963
"2019-02-14",0.0872
"2019-02-19",0.1998
"2019-02-24",0.3754
"2019-03-01",0.443
"2019-03-06",0.5132
"2019-03-11",0.5371
"2019-03-16",0.4889
"2019-03-21",0.446
"2019-03-26",0.4406
"2019-03-31",0.4498
"2019-04-05",0.4163
"2019-04-10",0.3687
"2019-04-15",0.3572
"2019-04-20",0.3799
"2019-04-25",0.3883
"2019-04-30",0.4098
"2019-05-05",0.403
"2019-05-10",0.4071
"2019-05-15",0.4541
"2019-05-20",0.5
"2019-05-25",0.5234
"2019-05-30",0.52
"2019-06-04",0.5195
"2019-06-09",0.5397
"2019-06-14",0.5394
"2019-06-19",0.5435
"2019-06-24",0.5445
"2019-06-29",0.5618
"2019-07-04",0.5561
"2019-07-09",0.5604
"2019-07-14",0.5424
"2019-07-19",0.4939
"2019-07-24",0.5021
"2019-07-29",0.5029
"2019-08-03",0.3893
"2019-08-08",0.3792
"2019-08-13",0.3077
"2019-08-18",0.3214
"2019-08-23",0.3139
"2019-08-28",0.3538
"2019-09-02",0.3466
"2019-09-07",0.3256
"2019-09-12",0.3443
"2019-09-17",0.3291
"2019-09-22",0.3343
"2019-09-27",0.3136
"2019-10-02",0.3142
"2019-10-07",0.2975
"2019-10-12",0.2988
"2019-10-17",0.2927
"2019-10-22",0.2846
"2019-10-27",0.2601
"2019-11-01",0.1854
"2019-11-06",0.1279
"2019-11-11",-0.0336
"2019-11-16",-0.3208
"2019-11-21",-0.4742
"2019-11-26",-0.3646
"2019-12-01",0.0369
"2019-12-06",0.2359
"2019-12-11",0.3628
"2019-12-16",0.4523
"2019-12-21",0.5198
"2019-12-26",0.6302
"2019-12-31",0.6908
"2020-01-05",0.6523
"2020-01-10",0.6311
"2020-01-15",0.5568
"2020-01-20",0.5478
"2020-01-25",0.5249
"2020-01-30",0.4961
"2020-02-04",0.3467
"2020-02-09",0.2987
"2020-02-14",0.2077
"2020-02-19",0.0827
"2020-02-24",0.0102
"2020-02-29",-0.063
"2020-03-05",-0.3408
"2020-03-10",-0.4071
"2020-03-15",-0.3647
"2020-03-20",-0.3746
"2020-03-25",-0.3296
"2020-03-30",-0.2837
"2020-04-04",-0.2686
"2020-04-09",-0.1383
"2020-04-14",-0.1243
"2020-04-19",-0.1237
"2020-04-24",-0.1155
"2020-04-29",-0.1003
"2020-05-04",-0.0903
"2020-05-09",-0.098
"2020-05-14",-0.114
"2020-05-19",-0.1022
"2020-05-24",-0.1226
"2020-05-29",-0.1917
"2020-06-03",-0.2348
"2020-06-08",-0.2385
"2020-06-13",-0.2434
"2020-06-18",-0.2472
"2020-06-23",-0.295
"2020-06-28",-0.289
"2020-07-03",-0.2736
"2020-07-08",-0.2748
"2020-07-13",-0.2648
"2020-07-18",-0.2703
"2020-07-23",-0.2583
"2020-07-28",-0.2507
"2020-08-02",-0.2369
"2020-08-07",-0.2328
"2020-08-12",-0.2127
"2020-08-17",-0.1692
"2020-08-22",-0.1165
"2020-08-27",-0.0743
"2020-09-01",-0.0587
"2020-09-06",-0.0542
"2020-09-11",-0.0561
"2020-09-16",-0.0687
"2020-09-21",-0.0841
"2020-09-26",-0.0942
"2020-10-01",-0.0948
"2020-10-06",-0.3113
"2020-10-11",-0.2942
"2020-10-16",-0.2703
"2020-10-21",-0.3241
"2020-10-26",-0.3664
"2020-10-31",-0.3771
"2020-11-05",-0.4073
"2020-11-10",-0.4245
"2020-11-15",-0.5836
"2020-11-20",-0.5694
"2020-11-25",-0.5876
"2020-11-30",-0.8051
"2020-12-30",-1.2249
"2021-01-05",-1.2661
"2021-01-10",-1.3061
"2021-01-15",-1.3414
"2021-01-20",-1.4655
"2021-01-25",-1.4645
"2021-01-30",-0.7963
"2021-02-04",-0.8605
"2021-02-09",-0.8621
"2021-02-14",-0.9197
"2021-02-19",-0.9349
"2021-02-24",-0.9259
"2021-03-01",-0.9659
"2021-03-06",-1.0526
"2021-03-11",-1.0162
"2021-03-16",-1.0686
"2021-03-21",-1.1103
"2021-03-26",-1.1815
"2021-03-31",-1.1433
"2021-04-05",-1.2305
"2021-04-10",-1.268
"2021-04-15",-1.3679
"2021-04-20",-1.3905
"2021-04-25",-1.3893
"2021-04-30",-1.3932
"2021-05-05",-1.4145
"2021-05-10",-1.4253
"2021-05-15",-1.43
"2021-05-20",-1.4804
"2021-05-25",-1.4464
"2021-05-30",-1.4521
"2021-06-04",-1.4407
"2021-06-09",-1.4365
"2021-06-14",-1.4388
"2021-06-19",-1.4238
"2021-06-24",-1.4096
"2021-06-29",-1.3768
"2021-07-04",-1.3489
"2021-07-09",-1.3353
"2021-07-14",-1.3258
"2021-07-19",-1.3169
"2021-07-24",-1.2885
"2021-07-29",-1.5021
"2021-08-03",-1.492
"2021-08-08",-1.452
"2021-08-13",-1.4647
"2021-08-18",-1.424
"2021-08-23",-1.3854
"2021-08-28",-1.3313
"2021-09-02",-1.3072
"2021-09-07",-1.3708
"2021-09-12",-1.3651
"2021-09-17",-1.5043
"2021-09-22",-1.5113
"2021-09-27",-1.5072