,"(mm) Precipitation (gridMET) at Polygon 1, 2006-12-01 to 2022-07-17"
"2006-12-01",0
"2006-12-02",0
"2006-12-03",0
"2006-12-04",0
"2006-12-05",0
"2006-12-06",0
"2006-12-07",0
"2006-12-08",4.8179
"2006-12-09",20.6294
"2006-12-10",13.05
"2006-12-11",0.5933
"2006-12-12",3.754
"2006-12-13",0
"2006-12-14",0
"2006-12-15",1.3292
"2006-12-16",0.0374
"2006-12-17",0.5922
"2006-12-18",0
"2006-12-19",0
"2006-12-20",0
"2006-12-21",7.8888
"2006-12-22",3.0493
"2006-12-23",0
"2006-12-24",0
"2006-12-25",0
"2006-12-26",9.0103
"2006-12-27",13.8515
"2006-12-28",0
"2006-12-29",0
"2006-12-30",0
"2006-12-31",0
"2007-01-01",0
"2007-01-02",0
"2007-01-03",0
"2007-01-04",8.8745
"2007-01-05",0.2735
"2007-01-06",0
"2007-01-07",0
"2007-01-08",0
"2007-01-09",0
"2007-01-10",0
"2007-01-11",0
"2007-01-12",0
"2007-01-13",0
"2007-01-14",0
"2007-01-15",0
"2007-01-16",0
"2007-01-17",1.0251
"2007-01-18",0
"2007-01-19",0
"2007-01-20",0
"2007-01-21",0
"2007-01-22",0
"2007-01-23",0
"2007-01-24",0
"2007-01-25",0
"2007-01-26",0
"2007-01-27",5.3104
"2007-01-28",3.9998
"2007-01-29",2.9452
"2007-01-30",0
"2007-01-31",0
"2007-02-01",0
"2007-02-02",0
"2007-02-03",0
"2007-02-04",0
"2007-02-05",0
"2007-02-06",0
"2007-02-07",3.3444
"2007-02-08",0.1734
"2007-02-09",1.1307
"2007-02-10",11.7528
"2007-02-11",6.6772
"2007-02-12",0.4239
"2007-02-13",2.4481
"2007-02-14",0
"2007-02-15",0.2022
"2007-02-16",0.0587
"2007-02-17",0
"2007-02-18",0
"2007-02-19",0
"2007-02-20",0
"2007-02-21",0
"2007-02-22",12.662
"2007-02-23",2.6042
"2007-02-24",0
"2007-02-25",4.6556
"2007-02-26",4.5182
"2007-02-27",5.8573
"2007-02-28",6.3806
"2007-03-01",0
"2007-03-02",0
"2007-03-03",0
"2007-03-04",0
"2007-03-05",0
"2007-03-06",0
"2007-03-07",0
"2007-03-08",0
"2007-03-09",0
"2007-03-10",0
"2007-03-11",0
"2007-03-12",0
"2007-03-13",0
"2007-03-14",0
"2007-03-15",0
"2007-03-16",0
"2007-03-17",0
"2007-03-18",0
"2007-03-19",0
"2007-03-20",3.785
"2007-03-21",0
"2007-03-22",0
"2007-03-23",0
"2007-03-24",0
"2007-03-25",0
"2007-03-26",2.2012
"2007-03-27",3.3653
"2007-03-28",0
"2007-03-29",0
"2007-03-30",0
"2007-03-31",0
"2007-04-01",0
"2007-04-02",0
"2007-04-03",0
"2007-04-04",0
"2007-04-05",0
"2007-04-06",0
"2007-04-07",0
"2007-04-08",0
"2007-04-09",0
"2007-04-10",0
"2007-04-11",1.282
"2007-04-12",0
"2007-04-13",0
"2007-04-14",5.583
"2007-04-15",0.6807
"2007-04-16",0
"2007-04-17",0
"2007-04-18",0
"2007-04-19",0
"2007-04-20",8.763
"2007-04-21",1.434
"2007-04-22",4.7772
"2007-04-23",0
"2007-04-24",0
"2007-04-25",0
"2007-04-26",0
"2007-04-27",0
"2007-04-28",0
"2007-04-29",0
"2007-04-30",0
"2007-05-01",0
"2007-05-02",0.0817
"2007-05-03",0
"2007-05-04",1.6598
"2007-05-05",0
"2007-05-06",0
"2007-05-07",0
"2007-05-08",0
"2007-05-09",0
"2007-05-10",0
"2007-05-11",0
"2007-05-12",0
"2007-05-13",0
"2007-05-14",0
"2007-05-15",0
"2007-05-16",0
"2007-05-17",0
"2007-05-18",0
"2007-05-19",0
"2007-05-20",0
"2007-05-21",0
"2007-05-22",0
"2007-05-23",0
"2007-05-24",0
"2007-05-25",0.0477
"2007-05-26",0
"2007-05-27",0
"2007-05-28",0
"2007-05-29",0
"2007-05-30",0
"2007-05-31",0
"2007-06-01",0
"2007-06-02",0
"2007-06-03",0
"2007-06-04",0
"2007-06-05",0
"2007-06-06",0
"2007-06-07",0
"2007-06-08",0
"2007-06-09",0
"2007-06-10",0
"2007-06-11",0
"2007-06-12",0
"2007-06-13",0
"2007-06-14",0
"2007-06-15",0
"2007-06-16",0
"2007-06-17",0
"2007-06-18",0
"2007-06-19",0
"2007-06-20",0
"2007-06-21",0
"2007-06-22",0
"2007-06-23",0
"2007-06-24",0
"2007-06-25",0
"2007-06-26",0
"2007-06-27",0
"2007-06-28",0
"2007-06-29",0
"2007-06-30",0
"2007-07-01",0
"2007-07-02",0
"2007-07-03",0
"2007-07-04",0
"2007-07-05",0
"2007-07-06",0
"2007-07-07",0
"2007-07-08",0
"2007-07-09",0
"2007-07-10",0
"2007-07-11",0
"2007-07-12",0
"2007-07-13",0
"2007-07-14",0
"2007-07-15",0
"2007-07-16",0
"2007-07-17",0
"2007-07-18",0
"2007-07-19",0
"2007-07-20",0
"2007-07-21",0
"2007-07-22",0
"2007-07-23",0
"2007-07-24",0
"2007-07-25",0
"2007-07-26",0
"2007-07-27",0
"2007-07-28",0
"2007-07-29",0
"2007-07-30",0
"2007-07-31",0
"2007-08-01",0
"2007-08-02",0
"2007-08-03",0
"2007-08-04",0
"2007-08-05",0
"2007-08-06",0
"2007-08-07",0
"2007-08-08",0
"2007-08-09",0
"2007-08-10",0
"2007-08-11",0
"2007-08-12",0
"2007-08-13",0
"2007-08-14",0
"2007-08-15",0
"2007-08-16",0
"2007-08-17",0
"2007-08-18",0
"2007-08-19",0
"2007-08-20",0
"2007-08-21",0
"2007-08-22",0
"2007-08-23",0
"2007-08-24",0
"2007-08-25",0
"2007-08-26",0
"2007-08-27",0
"2007-08-28",0
"2007-08-29",0
"2007-08-30",0.6082
"2007-08-31",0
"2007-09-01",0
"2007-09-02",0
"2007-09-03",0
"2007-09-04",0
"2007-09-05",0
"2007-09-06",0
"2007-09-07",0
"2007-09-08",0
"2007-09-09",0
"2007-09-10",0
"2007-09-11",0
"2007-09-12",0
"2007-09-13",0
"2007-09-14",0
"2007-09-15",0
"2007-09-16",0
"2007-09-17",0
"2007-09-18",0
"2007-09-19",0
"2007-09-20",0
"2007-09-21",1.4954
"2007-09-22",9.5348
"2007-09-23",0
"2007-09-24",0
"2007-09-25",0
"2007-09-26",0
"2007-09-27",0
"2007-09-28",0
"2007-09-29",0
"2007-09-30",0
"2007-10-01",0
"2007-10-02",0
"2007-10-03",0
"2007-10-04",0
"2007-10-05",0.4388
"2007-10-06",0
"2007-10-07",0
"2007-10-08",0
"2007-10-09",0
"2007-10-10",2.1621
"2007-10-11",0.4311
"2007-10-12",7.0622
"2007-10-13",0.4711
"2007-10-14",0.3789
"2007-10-15",0.0081
"2007-10-16",2.6599
"2007-10-17",1.5312
"2007-10-18",0
"2007-10-19",0
"2007-10-20",0
"2007-10-21",0.043
"2007-10-22",0
"2007-10-23",0
"2007-10-24",0
"2007-10-25",0
"2007-10-26",0
"2007-10-27",0.2192
"2007-10-28",0.5328
"2007-10-29",1.9781
"2007-10-30",0
"2007-10-31",0
"2007-11-01",0.1415
"2007-11-02",0.9791
"2007-11-03",0
"2007-11-04",0
"2007-11-05",0
"2007-11-06",0
"2007-11-07",0
"2007-11-08",0
"2007-11-09",0
"2007-11-10",0
"2007-11-11",0
"2007-11-12",0
"2007-11-13",0.1083
"2007-11-14",1.8047
"2007-11-15",0.8263
"2007-11-16",0
"2007-11-17",0
"2007-11-18",0
"2007-11-19",0
"2007-11-20",0
"2007-11-21",0
"2007-11-22",0
"2007-11-23",0
"2007-11-24",0
"2007-11-25",0
"2007-11-26",0
"2007-11-27",0
"2007-11-28",0
"2007-11-29",0
"2007-11-30",0
"2007-12-01",0
"2007-12-02",0
"2007-12-03",0
"2007-12-04",0
"2007-12-05",0
"2007-12-06",4.9153
"2007-12-07",4.2906
"2007-12-08",0
"2007-12-09",0
"2007-12-10",4.9101
"2007-12-11",4.0349
"2007-12-12",0.0124
"2007-12-13",0
"2007-12-14",0
"2007-12-15",0
"2007-12-16",0
"2007-12-17",0
"2007-12-18",0
"2007-12-19",0
"2007-12-20",0
"2007-12-21",0.9781
"2007-12-22",9.256
"2007-12-23",0
"2007-12-24",1.7395
"2007-12-25",0
"2007-12-26",0
"2007-12-27",0
"2007-12-28",0
"2007-12-29",0
"2007-12-30",0
"2007-12-31",0
"2008-01-01",0
"2008-01-02",0
"2008-01-03",1.8296
"2008-01-04",68.711
"2008-01-05",14.7022
"2008-01-06",4.6063
"2008-01-07",1.5865
"2008-01-08",2.5703
"2008-01-09",0
"2008-01-10",0.6371
"2008-01-11",0.0631
"2008-01-12",0
"2008-01-13",0
"2008-01-14",0
"2008-01-15",0
"2008-01-16",0
"2008-01-17",0
"2008-01-18",0
"2008-01-19",0
"2008-01-20",0
"2008-01-21",1.1022
"2008-01-22",15.36
"2008-01-23",21.6027
"2008-01-24",12.0644
"2008-01-25",11.3992
"2008-01-26",3.41
"2008-01-27",19.9055
"2008-01-28",5.1742
"2008-01-29",0.1434
"2008-01-30",0.5384
"2008-01-31",1.1707
"2008-02-01",3.2062
"2008-02-02",3.6115
"2008-02-03",10.4397
"2008-02-04",0.0254
"2008-02-05",0
"2008-02-06",0
"2008-02-07",0
"2008-02-08",0
"2008-02-09",0
"2008-02-10",0
"2008-02-11",0
"2008-02-12",0
"2008-02-13",0
"2008-02-14",0
"2008-02-15",0
"2008-02-16",0
"2008-02-17",0
"2008-02-18",0
"2008-02-19",0.7914
"2008-02-20",9.0702
"2008-02-21",2.6027
"2008-02-22",4.4004
"2008-02-23",8.5904
"2008-02-24",15.9806
"2008-02-25",0
"2008-02-26",0
"2008-02-27",0
"2008-02-28",0
"2008-02-29",0
"2008-03-01",0
"2008-03-02",0
"2008-03-03",0
"2008-03-04",0
"2008-03-05",0
"2008-03-06",0
"2008-03-07",0
"2008-03-08",0
"2008-03-09",0
"2008-03-10",0
"2008-03-11",0
"2008-03-12",0
"2008-03-13",0.3912
"2008-03-14",0
"2008-03-15",7.3927
"2008-03-16",0
"2008-03-17",0
"2008-03-18",0
"2008-03-19",0
"2008-03-20",0
"2008-03-21",0
"2008-03-22",0
"2008-03-23",0
"2008-03-24",0
"2008-03-25",0
"2008-03-26",0
"2008-03-27",0
"2008-03-28",0
"2008-03-29",0.114
"2008-03-30",0.28
"2008-03-31",0
"2008-04-01",0
"2008-04-02",3.0464
"2008-04-03",0.8955
"2008-04-04",0
"2008-04-05",0
"2008-04-06",0
"2008-04-07",0
"2008-04-08",0
"2008-04-09",0
"2008-04-10",0
"2008-04-11",0
"2008-04-12",0
"2008-04-13",0
"2008-04-14",0
"2008-04-15",0
"2008-04-16",0
"2008-04-17",0
"2008-04-18",0
"2008-04-19",0
"2008-04-20",0
"2008-04-21",0
"2008-04-22",0
"2008-04-23",0.1673
"2008-04-24",0
"2008-04-25",0
"2008-04-26",0
"2008-04-27",0
"2008-04-28",0
"2008-04-29",0
"2008-04-30",0
"2008-05-01",0
"2008-05-02",0
"2008-05-03",0
"2008-05-04",0
"2008-05-05",0
"2008-05-06",0
"2008-05-07",0
"2008-05-08",0
"2008-05-09",0
"2008-05-10",0
"2008-05-11",0
"2008-05-12",0
"2008-05-13",0
"2008-05-14",0
"2008-05-15",0
"2008-05-16",0
"2008-05-17",0
"2008-05-18",0
"2008-05-19",0
"2008-05-20",0
"2008-05-21",0
"2008-05-22",0
"2008-05-23",0
"2008-05-24",0
"2008-05-25",1.2335
"2008-05-26",0.0156
"2008-05-27",0.1809
"2008-05-28",0
"2008-05-29",0
"2008-05-30",0
"2008-05-31",0
"2008-06-01",0
"2008-06-02",0
"2008-06-03",0
"2008-06-04",0
"2008-06-05",0
"2008-06-06",0
"2008-06-07",0
"2008-06-08",0
"2008-06-09",0
"2008-06-10",0
"2008-06-11",0
"2008-06-12",0
"2008-06-13",0
"2008-06-14",0
"2008-06-15",0
"2008-06-16",0
"2008-06-17",0
"2008-06-18",0
"2008-06-19",0
"2008-06-20",0
"2008-06-21",0
"2008-06-22",0
"2008-06-23",0
"2008-06-24",0
"2008-06-25",0
"2008-06-26",0
"2008-06-27",0
"2008-06-28",0
"2008-06-29",0
"2008-06-30",0
"2008-07-01",0
"2008-07-02",0
"2008-07-03",0
"2008-07-04",0
"2008-07-05",0
"2008-07-06",0
"2008-07-07",0
"2008-07-08",0
"2008-07-09",0
"2008-07-10",0
"2008-07-11",0
"2008-07-12",0
"2008-07-13",0
"2008-07-14",0
"2008-07-15",0
"2008-07-16",0
"2008-07-17",0
"2008-07-18",0
"2008-07-19",0
"2008-07-20",0
"2008-07-21",0
"2008-07-22",0
"2008-07-23",0
"2008-07-24",0
"2008-07-25",0
"2008-07-26",0
"2008-07-27",0
"2008-07-28",0
"2008-07-29",0
"2008-07-30",0
"2008-07-31",0
"2008-08-01",0
"2008-08-02",0
"2008-08-03",0
"2008-08-04",0
"2008-08-05",0
"2008-08-06",0
"2008-08-07",0
"2008-08-08",0
"2008-08-09",0
"2008-08-10",0
"2008-08-11",0
"2008-08-12",0
"2008-08-13",0
"2008-08-14",0
"2008-08-15",0
"2008-08-16",0
"2008-08-17",0
"2008-08-18",0
"2008-08-19",0
"2008-08-20",0
"2008-08-21",0
"2008-08-22",0
"2008-08-23",0
"2008-08-24",0
"2008-08-25",0
"2008-08-26",0
"2008-08-27",0
"2008-08-28",0
"2008-08-29",0
"2008-08-30",0
"2008-08-31",0
"2008-09-01",0
"2008-09-02",0
"2008-09-03",0
"2008-09-04",0
"2008-09-05",0
"2008-09-06",0
"2008-09-07",0
"2008-09-08",0
"2008-09-09",0
"2008-09-10",0
"2008-09-11",0
"2008-09-12",0
"2008-09-13",0
"2008-09-14",0
"2008-09-15",0
"2008-09-16",0
"2008-09-17",0
"2008-09-18",0
"2008-09-19",0
"2008-09-20",0
"2008-09-21",0
"2008-09-22",0
"2008-09-23",0
"2008-09-24",0
"2008-09-25",0
"2008-09-26",0
"2008-09-27",0
"2008-09-28",0
"2008-09-29",0
"2008-09-30",0
"2008-10-01",0
"2008-10-02",0
"2008-10-03",0
"2008-10-04",2.779
"2008-10-05",0
"2008-10-06",0
"2008-10-07",0
"2008-10-08",0
"2008-10-09",0
"2008-10-10",0
"2008-10-11",0
"2008-10-12",0
"2008-10-13",0
"2008-10-14",0
"2008-10-15",0
"2008-10-16",0
"2008-10-17",0
"2008-10-18",1.0967
"2008-10-19",0
"2008-10-20",0
"2008-10-21",0
"2008-10-22",0
"2008-10-23",0
"2008-10-24",0
"2008-10-25",0
"2008-10-26",0
"2008-10-27",0
"2008-10-28",0
"2008-10-29",0
"2008-10-30",0.6556
"2008-10-31",0.456
"2008-11-01",4.6923
"2008-11-02",0.8238
"2008-11-03",2.2578
"2008-11-04",0.9203
"2008-11-05",0
"2008-11-06",0
"2008-11-07",0
"2008-11-08",0.9433
"2008-11-09",0.8383
"2008-11-10",0.5944
"2008-11-11",0
"2008-11-12",0
"2008-11-13",0
"2008-11-14",0
"2008-11-15",0
"2008-11-16",0
"2008-11-17",0
"2008-11-18",0
"2008-11-19",0
"2008-11-20",0
"2008-11-21",0
"2008-11-22",0
"2008-11-23",0
"2008-11-24",0
"2008-11-25",0.474
"2008-11-26",13.7335
"2008-11-27",0.3895
"2008-11-28",0.6049
"2008-11-29",0
"2008-11-30",0
"2008-12-01",0
"2008-12-02",0
"2008-12-03",0
"2008-12-04",0
"2008-12-05",0
"2008-12-06",0
"2008-12-07",0
"2008-12-08",0
"2008-12-09",0
"2008-12-10",0
"2008-12-11",0
"2008-12-12",0
"2008-12-13",0.9004
"2008-12-14",9.6572
"2008-12-15",12.4258
"2008-12-16",4.8214
"2008-12-17",0
"2008-12-18",0
"2008-12-19",0.6048
"2008-12-20",0
"2008-12-21",5.7627
"2008-12-22",3.3331
"2008-12-23",2.3542
"2008-12-24",1.8214
"2008-12-25",7.9265
"2008-12-26",0.9
"2008-12-27",0
"2008-12-28",0
"2008-12-29",0
"2008-12-30",0
"2008-12-31",0
"2009-01-01",0
"2009-01-02",2.0807
"2009-01-03",0
"2009-01-04",0
"2009-01-05",0.9677
"2009-01-06",0
"2009-01-07",0
"2009-01-08",0
"2009-01-09",0
"2009-01-10",0
"2009-01-11",0
"2009-01-12",0
"2009-01-13",0
"2009-01-14",0
"2009-01-15",0
"2009-01-16",0
"2009-01-17",0
"2009-01-18",0
"2009-01-19",0
"2009-01-20",0
"2009-01-21",2.7171
"2009-01-22",8.1701
"2009-01-23",15.694
"2009-01-24",8.1546
"2009-01-25",0.7394
"2009-01-26",0.9749
"2009-01-27",0
"2009-01-28",0
"2009-01-29",0
"2009-01-30",0
"2009-01-31",0
"2009-02-01",0
"2009-02-02",0
"2009-02-03",0
"2009-02-04",0
"2009-02-05",11.0021
"2009-02-06",14.3369
"2009-02-07",3.1064
"2009-02-08",4.7102
"2009-02-09",5.6278
"2009-02-10",0
"2009-02-11",1.4294
"2009-02-12",2.2785
"2009-02-13",10.0851
"2009-02-14",4.3341
"2009-02-15",2.3541
"2009-02-16",17.5589
"2009-02-17",22.6429
"2009-02-18",0.5362
"2009-02-19",0
"2009-02-20",0
"2009-02-21",2.6225
"2009-02-22",4.546
"2009-02-23",3.7192
"2009-02-24",0
"2009-02-25",0
"2009-02-26",0.0934
"2009-02-27",0
"2009-02-28",0
"2009-03-01",4.5899
"2009-03-02",13.4019
"2009-03-03",7.8202
"2009-03-04",11.8246
"2009-03-05",0.4509
"2009-03-06",0
"2009-03-07",0
"2009-03-08",0
"2009-03-09",0
"2009-03-10",0
"2009-03-11",0
"2009-03-12",0
"2009-03-13",0
"2009-03-14",0
"2009-03-15",0
"2009-03-16",0
"2009-03-17",0
"2009-03-18",0
"2009-03-19",0
"2009-03-20",0
"2009-03-21",0.0058
"2009-03-22",7.2228
"2009-03-23",0
"2009-03-24",0
"2009-03-25",0
"2009-03-26",0
"2009-03-27",0
"2009-03-28",0
"2009-03-29",0
"2009-03-30",0
"2009-03-31",0
"2009-04-01",0
"2009-04-02",0
"2009-04-03",0
"2009-04-04",0
"2009-04-05",0
"2009-04-06",0
"2009-04-07",3.6064
"2009-04-08",3.3388
"2009-04-09",0.6103
"2009-04-10",0.6312
"2009-04-11",0
"2009-04-12",0
"2009-04-13",0
"2009-04-14",0
"2009-04-15",0
"2009-04-16",0
"2009-04-17",0
"2009-04-18",0
"2009-04-19",0
"2009-04-20",0
"2009-04-21",0
"2009-04-22",0
"2009-04-23",0
"2009-04-24",0
"2009-04-25",0
"2009-04-26",0
"2009-04-27",0
"2009-04-28",0
"2009-04-29",0
"2009-04-30",0
"2009-05-01",4.1564
"2009-05-02",0.9304
"2009-05-03",1.4013
"2009-05-04",0
"2009-05-05",0.049
"2009-05-06",0.3582
"2009-05-07",0
"2009-05-08",0
"2009-05-09",0
"2009-05-10",0
"2009-05-11",0
"2009-05-12",0
"2009-05-13",0
"2009-05-14",0
"2009-05-15",0
"2009-05-16",0
"2009-05-17",0
"2009-05-18",0
"2009-05-19",0
"2009-05-20",0
"2009-05-21",0
"2009-05-22",0
"2009-05-23",0
"2009-05-24",0
"2009-05-25",0
"2009-05-26",0
"2009-05-27",0
"2009-05-28",0
"2009-05-29",0
"2009-05-30",0
"2009-05-31",0
"2009-06-01",0
"2009-06-02",0
"2009-06-03",0
"2009-06-04",0
"2009-06-05",1.0799
"2009-06-06",0
"2009-06-07",0
"2009-06-08",0
"2009-06-09",0
"2009-06-10",0
"2009-06-11",0
"2009-06-12",0
"2009-06-13",0.0238
"2009-06-14",0
"2009-06-15",0
"2009-06-16",0
"2009-06-17",0
"2009-06-18",0
"2009-06-19",0
"2009-06-20",0
"2009-06-21",0
"2009-06-22",0
"2009-06-23",0
"2009-06-24",0
"2009-06-25",0
"2009-06-26",0
"2009-06-27",0
"2009-06-28",0
"2009-06-29",0
"2009-06-30",0
"2009-07-01",0
"2009-07-02",0
"2009-07-03",0
"2009-07-04",0
"2009-07-05",0
"2009-07-06",0
"2009-07-07",0
"2009-07-08",0
"2009-07-09",0
"2009-07-10",0
"2009-07-11",0
"2009-07-12",0
"2009-07-13",0
"2009-07-14",0
"2009-07-15",0
"2009-07-16",0
"2009-07-17",0
"2009-07-18",0
"2009-07-19",0
"2009-07-20",0
"2009-07-21",0
"2009-07-22",0
"2009-07-23",0
"2009-07-24",0
"2009-07-25",0
"2009-07-26",0
"2009-07-27",0
"2009-07-28",0
"2009-07-29",0
"2009-07-30",0
"2009-07-31",0
"2009-08-01",0
"2009-08-02",0
"2009-08-03",0
"2009-08-04",0
"2009-08-05",0
"2009-08-06",0.0608
"2009-08-07",0
"2009-08-08",0
"2009-08-09",0
"2009-08-10",0
"2009-08-11",0
"2009-08-12",0
"2009-08-13",0
"2009-08-14",0
"2009-08-15",0
"2009-08-16",0
"2009-08-17",0
"2009-08-18",0
"2009-08-19",0
"2009-08-20",0
"2009-08-21",0
"2009-08-22",0
"2009-08-23",0.1662
"2009-08-24",0
"2009-08-25",0
"2009-08-26",0
"2009-08-27",0
"2009-08-28",0
"2009-08-29",0
"2009-08-30",0
"2009-08-31",0
"2009-09-01",0
"2009-09-02",0
"2009-09-03",0
"2009-09-04",0
"2009-09-05",0
"2009-09-06",0
"2009-09-07",0
"2009-09-08",0
"2009-09-09",0
"2009-09-10",0
"2009-09-11",0
"2009-09-12",0
"2009-09-13",0.1704
"2009-09-14",2.5511
"2009-09-15",0
"2009-09-16",0
"2009-09-17",0
"2009-09-18",0
"2009-09-19",0
"2009-09-20",0
"2009-09-21",0
"2009-09-22",0
"2009-09-23",0
"2009-09-24",0
"2009-09-25",0
"2009-09-26",0
"2009-09-27",0
"2009-09-28",0
"2009-09-29",0
"2009-09-30",0
"2009-10-01",0
"2009-10-02",0
"2009-10-03",0
"2009-10-04",0
"2009-10-05",0
"2009-10-06",0
"2009-10-07",0
"2009-10-08",0
"2009-10-09",0
"2009-10-10",0
"2009-10-11",0
"2009-10-12",0
"2009-10-13",46.9275
"2009-10-14",9.6045
"2009-10-15",0
"2009-10-16",0
"2009-10-17",0
"2009-10-18",0
"2009-10-19",0.5085
"2009-10-20",0
"2009-10-21",0
"2009-10-22",0
"2009-10-23",0
"2009-10-24",0
"2009-10-25",0
"2009-10-26",0
"2009-10-27",0
"2009-10-28",0
"2009-10-29",0
"2009-10-30",0
"2009-10-31",0
"2009-11-01",0
"2009-11-02",0
"2009-11-03",0
"2009-11-04",0
"2009-11-05",0
"2009-11-06",0
"2009-11-07",0
"2009-11-08",0
"2009-11-09",0
"2009-11-10",0
"2009-11-11",0
"2009-11-12",0
"2009-11-13",0
"2009-11-14",0
"2009-11-15",0
"2009-11-16",0
"2009-11-17",0
"2009-11-18",0
"2009-11-19",0
"2009-11-20",0.7417
"2009-11-21",0
"2009-11-22",0
"2009-11-23",0
"2009-11-24",0
"2009-11-25",0
"2009-11-26",0
"2009-11-27",1.3698
"2009-11-28",0.0091
"2009-11-29",0
"2009-11-30",0
"2009-12-01",0
"2009-12-02",0
"2009-12-03",0
"2009-12-04",0
"2009-12-05",0
"2009-12-06",0
"2009-12-07",8.5225
"2009-12-08",0
"2009-12-09",0
"2009-12-10",3.9574
"2009-12-11",10.8328
"2009-12-12",17.1314
"2009-12-13",7.4093
"2009-12-14",0
"2009-12-15",0.2839
"2009-12-16",0
"2009-12-17",0
"2009-12-18",0
"2009-12-19",0
"2009-12-20",0
"2009-12-21",2.9842
"2009-12-22",0.9017
"2009-12-23",0
"2009-12-24",0
"2009-12-25",0
"2009-12-26",3.0102
"2009-12-27",6.5099
"2009-12-28",2.8041
"2009-12-29",1.4017
"2009-12-30",2.7802
"2009-12-31",0
"2010-01-01",0
"2010-01-02",0
"2010-01-03",0
"2010-01-04",0
"2010-01-05",0
"2010-01-06",0
"2010-01-07",0
"2010-01-08",0
"2010-01-09",0
"2010-01-10",0
"2010-01-11",0
"2010-01-12",5.8862
"2010-01-13",0
"2010-01-14",0
"2010-01-15",0
"2010-01-16",0
"2010-01-17",7.6399
"2010-01-18",23.4517
"2010-01-19",23.8496
"2010-01-20",24.804
"2010-01-21",16.086
"2010-01-22",3.6245
"2010-01-23",0.3653
"2010-01-24",0
"2010-01-25",0
"2010-01-26",10.8985
"2010-01-27",0
"2010-01-28",0
"2010-01-29",2.8895
"2010-01-30",0
"2010-01-31",0
"2010-02-01",0
"2010-02-02",0
"2010-02-03",0
"2010-02-04",10.1306
"2010-02-05",3.7332
"2010-02-06",12.0121
"2010-02-07",0
"2010-02-08",1.092
"2010-02-09",5.1158
"2010-02-10",0
"2010-02-11",0
"2010-02-12",0
"2010-02-13",0
"2010-02-14",0
"2010-02-15",0
"2010-02-16",0
"2010-02-17",0
"2010-02-18",0
"2010-02-19",0
"2010-02-20",1.4477
"2010-02-21",5.4158
"2010-02-22",0.1936
"2010-02-23",11.5735
"2010-02-24",6.0348
"2010-02-25",0
"2010-02-26",20.3165
"2010-02-27",6.7477
"2010-02-28",0
"2010-03-01",0
"2010-03-02",5.8977
"2010-03-03",14.6509
"2010-03-04",0
"2010-03-05",0
"2010-03-06",0
"2010-03-07",0
"2010-03-08",2.4823
"2010-03-09",2.0748
"2010-03-10",0.7176
"2010-03-11",0
"2010-03-12",5.6015
"2010-03-13",0
"2010-03-14",0
"2010-03-15",0
"2010-03-16",0
"2010-03-17",0
"2010-03-18",0
"2010-03-19",0
"2010-03-20",0
"2010-03-21",0
"2010-03-22",0
"2010-03-23",0
"2010-03-24",0
"2010-03-25",0
"2010-03-26",0
"2010-03-27",0
"2010-03-28",0
"2010-03-29",0
"2010-03-30",2.464
"2010-03-31",1.4606
"2010-04-01",0
"2010-04-02",2.8724
"2010-04-03",0.1699
"2010-04-04",18.3907
"2010-04-05",2.8153
"2010-04-06",0
"2010-04-07",0
"2010-04-08",0
"2010-04-09",0
"2010-04-10",0
"2010-04-11",15.2009
"2010-04-12",4.7922
"2010-04-13",0
"2010-04-14",0
"2010-04-15",0
"2010-04-16",0
"2010-04-17",0
"2010-04-18",0
"2010-04-19",0
"2010-04-20",14.4267
"2010-04-21",5.168
"2010-04-22",0
"2010-04-23",0
"2010-04-24",0
"2010-04-25",0
"2010-04-26",0
"2010-04-27",0.2876
"2010-04-28",1.2285
"2010-04-29",0
"2010-04-30",0
"2010-05-01",0
"2010-05-02",0
"2010-05-03",0
"2010-05-04",0
"2010-05-05",0
"2010-05-06",0
"2010-05-07",0
"2010-05-08",0
"2010-05-09",0
"2010-05-10",2.3852
"2010-05-11",0
"2010-05-12",0
"2010-05-13",0
"2010-05-14",0
"2010-05-15",0
"2010-05-16",0
"2010-05-17",0.6343
"2010-05-18",0
"2010-05-19",0
"2010-05-20",0
"2010-05-21",0
"2010-05-22",0
"2010-05-23",0
"2010-05-24",0
"2010-05-25",0.4962
"2010-05-26",0
"2010-05-27",0.4788
"2010-05-28",0
"2010-05-29",0
"2010-05-30",0
"2010-05-31",0
"2010-06-01",0
"2010-06-02",0
"2010-06-03",0
"2010-06-04",0
"2010-06-05",0
"2010-06-06",0
"2010-06-07",0
"2010-06-08",0
"2010-06-09",0
"2010-06-10",0
"2010-06-11",0
"2010-06-12",0
"2010-06-13",0
"2010-06-14",0
"2010-06-15",0
"2010-06-16",0
"2010-06-17",0
"2010-06-18",0
"2010-06-19",0
"2010-06-20",0
"2010-06-21",0
"2010-06-22",0
"2010-06-23",0
"2010-06-24",0
"2010-06-25",0
"2010-06-26",0
"2010-06-27",0
"2010-06-28",0
"2010-06-29",0
"2010-06-30",0
"2010-07-01",0
"2010-07-02",0
"2010-07-03",0
"2010-07-04",0
"2010-07-05",0
"2010-07-06",0
"2010-07-07",0
"2010-07-08",0
"2010-07-09",0
"2010-07-10",0
"2010-07-11",0
"2010-07-12",0
"2010-07-13",0
"2010-07-14",0
"2010-07-15",0
"2010-07-16",0
"2010-07-17",0
"2010-07-18",0
"2010-07-19",0
"2010-07-20",0
"2010-07-21",0
"2010-07-22",0
"2010-07-23",0
"2010-07-24",0
"2010-07-25",0
"2010-07-26",0
"2010-07-27",0
"2010-07-28",0
"2010-07-29",0
"2010-07-30",0
"2010-07-31",0
"2010-08-01",0
"2010-08-02",0
"2010-08-03",0
"2010-08-04",0
"2010-08-05",0
"2010-08-06",0
"2010-08-07",0
"2010-08-08",0
"2010-08-09",0
"2010-08-10",0
"2010-08-11",0
"2010-08-12",0
"2010-08-13",0
"2010-08-14",0
"2010-08-15",0
"2010-08-16",0
"2010-08-17",0
"2010-08-18",0
"2010-08-19",0
"2010-08-20",0
"2010-08-21",0
"2010-08-22",0
"2010-08-23",0
"2010-08-24",0
"2010-08-25",0
"2010-08-26",0
"2010-08-27",0
"2010-08-28",0
"2010-08-29",0
"2010-08-30",0
"2010-08-31",0
"2010-09-01",0
"2010-09-02",0
"2010-09-03",0
"2010-09-04",0
"2010-09-05",0
"2010-09-06",0
"2010-09-07",0
"2010-09-08",0
"2010-09-09",0
"2010-09-10",0
"2010-09-11",0
"2010-09-12",0
"2010-09-13",0
"2010-09-14",0
"2010-09-15",0
"2010-09-16",0
"2010-09-17",0
"2010-09-18",0
"2010-09-19",0
"2010-09-20",0
"2010-09-21",0
"2010-09-22",0
"2010-09-23",0
"2010-09-24",0
"2010-09-25",0
"2010-09-26",0
"2010-09-27",0
"2010-09-28",0
"2010-09-29",0
"2010-09-30",0
"2010-10-01",0
"2010-10-02",0
"2010-10-03",0
"2010-10-04",0
"2010-10-05",3.6332
"2010-10-06",3.0281
"2010-10-07",0
"2010-10-08",0
"2010-10-09",0
"2010-10-10",0
"2010-10-11",0
"2010-10-12",0
"2010-10-13",0
"2010-10-14",0
"2010-10-15",0
"2010-10-16",0
"2010-10-17",1.7339
"2010-10-18",0
"2010-10-19",0
"2010-10-20",0
"2010-10-21",0.7186
"2010-10-22",1.2341
"2010-10-23",3.4268
"2010-10-24",7.5563
"2010-10-25",0
"2010-10-26",0
"2010-10-27",0
"2010-10-28",0
"2010-10-29",2.411
"2010-10-30",0
"2010-10-31",0
"2010-11-01",0
"2010-11-02",0
"2010-11-03",0
"2010-11-04",0
"2010-11-05",0
"2010-11-06",0
"2010-11-07",9.2112
"2010-11-08",0
"2010-11-09",0.4623
"2010-11-10",0
"2010-11-11",0
"2010-11-12",0
"2010-11-13",0
"2010-11-14",0
"2010-11-15",0
"2010-11-16",0
"2010-11-17",0
"2010-11-18",0
"2010-11-19",9.6845
"2010-11-20",9.2287
"2010-11-21",2.9904
"2010-11-22",0
"2010-11-23",4.639
"2010-11-24",0
"2010-11-25",0
"2010-11-26",0
"2010-11-27",4.3115
"2010-11-28",0
"2010-11-29",0
"2010-11-30",0
"2010-12-01",0
"2010-12-02",0
"2010-12-03",0
"2010-12-04",2.1852
"2010-12-05",11.9114
"2010-12-06",0
"2010-12-07",0
"2010-12-08",0
"2010-12-09",0
"2010-12-10",0
"2010-12-11",0
"2010-12-12",0
"2010-12-13",0
"2010-12-14",2.4799
"2010-12-15",0
"2010-12-16",1.9564
"2010-12-17",8.798
"2010-12-18",13.8995
"2010-12-19",17.2456
"2010-12-20",6.705
"2010-12-21",8.7815
"2010-12-22",2.0781
"2010-12-23",0
"2010-12-24",0
"2010-12-25",10.2057
"2010-12-26",0
"2010-12-27",0
"2010-12-28",22.6906
"2010-12-29",1.9935
"2010-12-30",0
"2010-12-31",6.5965
"2011-01-01",6.5965
"2011-01-02",36.1016
"2011-01-03",0
"2011-01-04",0
"2011-01-05",0
"2011-01-06",0
"2011-01-07",0
"2011-01-08",0
"2011-01-09",0
"2011-01-10",0
"2011-01-11",0.0338
"2011-01-12",0
"2011-01-13",0
"2011-01-14",0
"2011-01-15",0
"2011-01-16",0
"2011-01-17",0
"2011-01-18",0
"2011-01-19",0
"2011-01-20",0
"2011-01-21",0
"2011-01-22",0
"2011-01-23",0
"2011-01-24",0
"2011-01-25",0
"2011-01-26",0
"2011-01-27",0
"2011-01-28",0
"2011-01-29",0
"2011-01-30",6.3606
"2011-01-31",0
"2011-02-01",0
"2011-02-02",0
"2011-02-03",0
"2011-02-04",0
"2011-02-05",0
"2011-02-06",0
"2011-02-07",0
"2011-02-08",0
"2011-02-09",0
"2011-02-10",0
"2011-02-11",0
"2011-02-12",0
"2011-02-13",0
"2011-02-14",0.6749
"2011-02-15",0
"2011-02-16",15.6269
"2011-02-17",19.5211
"2011-02-18",30.6069
"2011-02-19",9.7634
"2011-02-20",0.5702
"2011-02-21",0.1624
"2011-02-22",0
"2011-02-23",0
"2011-02-24",0
"2011-02-25",12.3587
"2011-02-26",0.8811
"2011-02-27",0
"2011-02-28",0
"2011-03-01",0
"2011-03-02",1.401
"2011-03-03",0.0182
"2011-03-04",0
"2011-03-05",0
"2011-03-06",0.8576
"2011-03-07",2.1726
"2011-03-08",0
"2011-03-09",0
"2011-03-10",0
"2011-03-11",0
"2011-03-12",0
"2011-03-13",0
"2011-03-14",0.5787
"2011-03-15",0
"2011-03-16",1.672
"2011-03-17",0
"2011-03-18",9.1201
"2011-03-19",8.5407
"2011-03-20",33.8672
"2011-03-21",2.6463
"2011-03-22",0.3108
"2011-03-23",9.052
"2011-03-24",14.4007
"2011-03-25",2.5879
"2011-03-26",7.1676
"2011-03-27",0
"2011-03-28",0.2368
"2011-03-29",0
"2011-03-30",0
"2011-03-31",0
"2011-04-01",0
"2011-04-02",0
"2011-04-03",0
"2011-04-04",0
"2011-04-05",0
"2011-04-06",0
"2011-04-07",2.1484
"2011-04-08",1.2533
"2011-04-09",0
"2011-04-10",0
"2011-04-11",0
"2011-04-12",0
"2011-04-13",0.2522
"2011-04-14",0
"2011-04-15",0
"2011-04-16",0
"2011-04-17",0
"2011-04-18",0
"2011-04-19",0
"2011-04-20",0.4263
"2011-04-21",0
"2011-04-22",0
"2011-04-23",0
"2011-04-24",0
"2011-04-25",0.2722
"2011-04-26",0
"2011-04-27",0
"2011-04-28",0
"2011-04-29",0
"2011-04-30",0
"2011-05-01",0
"2011-05-02",0
"2011-05-03",0
"2011-05-04",0
"2011-05-05",0
"2011-05-06",0
"2011-05-07",0
"2011-05-08",0
"2011-05-09",0.5235
"2011-05-10",0
"2011-05-11",0
"2011-05-12",0
"2011-05-13",0
"2011-05-14",0
"2011-05-15",5.3908
"2011-05-16",1.5412
"2011-05-17",3.4623
"2011-05-18",2.0938
"2011-05-19",0
"2011-05-20",0
"2011-05-21",0
"2011-05-22",0
"2011-05-23",0
"2011-05-24",0
"2011-05-25",0
"2011-05-26",0.7913
"2011-05-27",0
"2011-05-28",0.3584
"2011-05-29",1.9697
"2011-05-30",0
"2011-05-31",0
"2011-06-01",0
"2011-06-02",0
"2011-06-03",0.0081
"2011-06-04",6.7765
"2011-06-05",0.8839
"2011-06-06",0.0792
"2011-06-07",0
"2011-06-08",0
"2011-06-09",0
"2011-06-10",0
"2011-06-11",0
"2011-06-12",0
"2011-06-13",0
"2011-06-14",0
"2011-06-15",0
"2011-06-16",0
"2011-06-17",0
"2011-06-18",0
"2011-06-19",0
"2011-06-20",0
"2011-06-21",0
"2011-06-22",0
"2011-06-23",0
"2011-06-24",0
"2011-06-25",0
"2011-06-26",0
"2011-06-27",0
"2011-06-28",0.4871
"2011-06-29",1.1125
"2011-06-30",0
"2011-07-01",0
"2011-07-02",0
"2011-07-03",0
"2011-07-04",0
"2011-07-05",0
"2011-07-06",0
"2011-07-07",0
"2011-07-08",0
"2011-07-09",0
"2011-07-10",0
"2011-07-11",0
"2011-07-12",0
"2011-07-13",0
"2011-07-14",0
"2011-07-15",0
"2011-07-16",0
"2011-07-17",0
"2011-07-18",0
"2011-07-19",0
"2011-07-20",0
"2011-07-21",0
"2011-07-22",0
"2011-07-23",0
"2011-07-24",0
"2011-07-25",0
"2011-07-26",0
"2011-07-27",0
"2011-07-28",0
"2011-07-29",0
"2011-07-30",0
"2011-07-31",0
"2011-08-01",0
"2011-08-02",0
"2011-08-03",0
"2011-08-04",0
"2011-08-05",0
"2011-08-06",0
"2011-08-07",0
"2011-08-08",0
"2011-08-09",0
"2011-08-10",0
"2011-08-11",0
"2011-08-12",0
"2011-08-13",0
"2011-08-14",0
"2011-08-15",0
"2011-08-16",0
"2011-08-17",0
"2011-08-18",0
"2011-08-19",0
"2011-08-20",0
"2011-08-21",0
"2011-08-22",0
"2011-08-23",0
"2011-08-24",0
"2011-08-25",0
"2011-08-26",0
"2011-08-27",0
"2011-08-28",0
"2011-08-29",0
"2011-08-30",0
"2011-08-31",0
"2011-09-01",0
"2011-09-02",0
"2011-09-03",0
"2011-09-04",0
"2011-09-05",0
"2011-09-06",0
"2011-09-07",0
"2011-09-08",0
"2011-09-09",0
"2011-09-10",0
"2011-09-11",0
"2011-09-12",0
"2011-09-13",0
"2011-09-14",0
"2011-09-15",0
"2011-09-16",0
"2011-09-17",0
"2011-09-18",0
"2011-09-19",0
"2011-09-20",0
"2011-09-21",0
"2011-09-22",0
"2011-09-23",0
"2011-09-24",0
"2011-09-25",0
"2011-09-26",0
"2011-09-27",0
"2011-09-28",0
"2011-09-29",0
"2011-09-30",0
"2011-10-01",0
"2011-10-02",0
"2011-10-03",0.2156
"2011-10-04",1.7733
"2011-10-05",16.2976
"2011-10-06",4.2805
"2011-10-07",0.1004
"2011-10-08",0
"2011-10-09",0
"2011-10-10",0
"2011-10-11",0
"2011-10-12",0
"2011-10-13",0
"2011-10-14",0
"2011-10-15",0
"2011-10-16",0
"2011-10-17",0
"2011-10-18",0
"2011-10-19",0
"2011-10-20",0
"2011-10-21",0
"2011-10-22",0
"2011-10-23",0
"2011-10-24",0
"2011-10-25",0
"2011-10-26",0
"2011-10-27",0
"2011-10-28",0
"2011-10-29",0
"2011-10-30",0
"2011-10-31",0
"2011-11-01",0
"2011-11-02",0
"2011-11-03",0.3213
"2011-11-04",3.5872
"2011-11-05",0
"2011-11-06",6.337
"2011-11-07",0
"2011-11-08",0
"2011-11-09",0
"2011-11-10",0
"2011-11-11",5.6514
"2011-11-12",1.3311
"2011-11-13",0
"2011-11-14",0
"2011-11-15",0
"2011-11-16",0
"2011-11-17",0
"2011-11-18",0
"2011-11-19",0.7028
"2011-11-20",12.1751
"2011-11-21",0
"2011-11-22",0
"2011-11-23",0
"2011-11-24",0.5977
"2011-11-25",0
"2011-11-26",0
"2011-11-27",0
"2011-11-28",0
"2011-11-29",0
"2011-11-30",0
"2011-12-01",0
"2011-12-02",0
"2011-12-03",0
"2011-12-04",0
"2011-12-05",0
"2011-12-06",0
"2011-12-07",0
"2011-12-08",0
"2011-12-09",0
"2011-12-10",0
"2011-12-11",0
"2011-12-12",2.5604
"2011-12-13",0
"2011-12-14",0
"2011-12-15",1.5177
"2011-12-16",0
"2011-12-17",0
"2011-12-18",0
"2011-12-19",0
"2011-12-20",0
"2011-12-21",0
"2011-12-22",0
"2011-12-23",0
"2011-12-24",0
"2011-12-25",0
"2011-12-26",0
"2011-12-27",0
"2011-12-28",0
"2011-12-29",0
"2011-12-30",0
"2011-12-31",0
"2012-01-01",0
"2012-01-02",0
"2012-01-03",0
"2012-01-04",0
"2012-01-05",0
"2012-01-06",0
"2012-01-07",0
"2012-01-08",0
"2012-01-09",0
"2012-01-10",0
"2012-01-11",0
"2012-01-12",0
"2012-01-13",0
"2012-01-14",0
"2012-01-15",0
"2012-01-16",0
"2012-01-17",0
"2012-01-18",0
"2012-01-19",0
"2012-01-20",0.6522
"2012-01-21",23.1295
"2012-01-22",0.51
"2012-01-23",10.3888
"2012-01-24",0
"2012-01-25",0
"2012-01-26",0
"2012-01-27",0
"2012-01-28",0
"2012-01-29",0
"2012-01-30",0
"2012-01-31",0
"2012-02-01",0
"2012-02-02",0
"2012-02-03",0
"2012-02-04",0
"2012-02-05",0
"2012-02-06",0
"2012-02-07",1.851
"2012-02-08",0
"2012-02-09",0
"2012-02-10",0
"2012-02-11",0
"2012-02-12",0
"2012-02-13",16.5162
"2012-02-14",0.4609
"2012-02-15",2.6566
"2012-02-16",0
"2012-02-17",0
"2012-02-18",0
"2012-02-19",0
"2012-02-20",0
"2012-02-21",0
"2012-02-22",0
"2012-02-23",0
"2012-02-24",0
"2012-02-25",0
"2012-02-26",0
"2012-02-27",0
"2012-02-28",0
"2012-02-29",0
"2012-03-01",0
"2012-03-02",0
"2012-03-03",0
"2012-03-04",0
"2012-03-05",0
"2012-03-06",0.5463
"2012-03-07",0
"2012-03-08",0
"2012-03-09",0
"2012-03-10",0
"2012-03-11",0
"2012-03-12",0
"2012-03-13",0
"2012-03-14",0
"2012-03-15",0
"2012-03-16",3.9911
"2012-03-17",38.0009
"2012-03-18",12.0947
"2012-03-19",0
"2012-03-20",0
"2012-03-21",0
"2012-03-22",0
"2012-03-23",0
"2012-03-24",0.0661
"2012-03-25",12.7619
"2012-03-26",0
"2012-03-27",0
"2012-03-28",0.4875
"2012-03-29",0
"2012-03-30",0
"2012-03-31",9.7516
"2012-04-01",1.2904
"2012-04-02",0
"2012-04-03",0
"2012-04-04",0.1157
"2012-04-05",0
"2012-04-06",0
"2012-04-07",0
"2012-04-08",0
"2012-04-09",0
"2012-04-10",10.4946
"2012-04-11",10.0046
"2012-04-12",7.0846
"2012-04-13",14.2635
"2012-04-14",0.5587
"2012-04-15",0
"2012-04-16",0
"2012-04-17",0
"2012-04-18",0
"2012-04-19",0
"2012-04-20",0
"2012-04-21",0
"2012-04-22",0
"2012-04-23",0
"2012-04-24",0
"2012-04-25",3.0051
"2012-04-26",1.9771
"2012-04-27",0
"2012-04-28",0
"2012-04-29",0
"2012-04-30",0
"2012-05-01",0
"2012-05-02",0
"2012-05-03",0
"2012-05-04",0
"2012-05-05",0
"2012-05-06",0
"2012-05-07",0
"2012-05-08",0
"2012-05-09",0
"2012-05-10",0
"2012-05-11",0
"2012-05-12",0
"2012-05-13",0
"2012-05-14",0
"2012-05-15",0
"2012-05-16",0
"2012-05-17",0
"2012-05-18",0
"2012-05-19",0
"2012-05-20",0
"2012-05-21",0
"2012-05-22",0
"2012-05-23",0
"2012-05-24",0
"2012-05-25",0.2832
"2012-05-26",0.0198
"2012-05-27",0
"2012-05-28",0
"2012-05-29",0
"2012-05-30",0
"2012-05-31",0
"2012-06-01",0
"2012-06-02",0
"2012-06-03",0
"2012-06-04",1.3865
"2012-06-05",0
"2012-06-06",0
"2012-06-07",0
"2012-06-08",0
"2012-06-09",0
"2012-06-10",0
"2012-06-11",0
"2012-06-12",0
"2012-06-13",0
"2012-06-14",0
"2012-06-15",0
"2012-06-16",0
"2012-06-17",0
"2012-06-18",0
"2012-06-19",0
"2012-06-20",0
"2012-06-21",0
"2012-06-22",0
"2012-06-23",0
"2012-06-24",0
"2012-06-25",0
"2012-06-26",0
"2012-06-27",0
"2012-06-28",0
"2012-06-29",0
"2012-06-30",0
"2012-07-01",0
"2012-07-02",0
"2012-07-03",0
"2012-07-04",0
"2012-07-05",0
"2012-07-06",0
"2012-07-07",0
"2012-07-08",0
"2012-07-09",0
"2012-07-10",0
"2012-07-11",0
"2012-07-12",0
"2012-07-13",0
"2012-07-14",0
"2012-07-15",0
"2012-07-16",0
"2012-07-17",0
"2012-07-18",0
"2012-07-19",0
"2012-07-20",0
"2012-07-21",0
"2012-07-22",0
"2012-07-23",0
"2012-07-24",0
"2012-07-25",0
"2012-07-26",0
"2012-07-27",0
"2012-07-28",0
"2012-07-29",0
"2012-07-30",0
"2012-07-31",0
"2012-08-01",0
"2012-08-02",0
"2012-08-03",0
"2012-08-04",0
"2012-08-05",0
"2012-08-06",0
"2012-08-07",0
"2012-08-08",0
"2012-08-09",0
"2012-08-10",0
"2012-08-11",0
"2012-08-12",0
"2012-08-13",0
"2012-08-14",0
"2012-08-15",0
"2012-08-16",0
"2012-08-17",0
"2012-08-18",0
"2012-08-19",0
"2012-08-20",0
"2012-08-21",0
"2012-08-22",0
"2012-08-23",0
"2012-08-24",0
"2012-08-25",0
"2012-08-26",0
"2012-08-27",0
"2012-08-28",0
"2012-08-29",0
"2012-08-30",0
"2012-08-31",0
"2012-09-01",0
"2012-09-02",0
"2012-09-03",0
"2012-09-04",0
"2012-09-05",0
"2012-09-06",0
"2012-09-07",0
"2012-09-08",0
"2012-09-09",0
"2012-09-10",0
"2012-09-11",0
"2012-09-12",0
"2012-09-13",0
"2012-09-14",0
"2012-09-15",0
"2012-09-16",0
"2012-09-17",0
"2012-09-18",0
"2012-09-19",0
"2012-09-20",0
"2012-09-21",0
"2012-09-22",0
"2012-09-23",0
"2012-09-24",0
"2012-09-25",0
"2012-09-26",0
"2012-09-27",0
"2012-09-28",0
"2012-09-29",0
"2012-09-30",0
"2012-10-01",0
"2012-10-02",0
"2012-10-03",0
"2012-10-04",0
"2012-10-05",0
"2012-10-06",0
"2012-10-07",0
"2012-10-08",0
"2012-10-09",0
"2012-10-10",0
"2012-10-11",0
"2012-10-12",0.3258
"2012-10-13",0
"2012-10-14",0
"2012-10-15",0
"2012-10-16",0
"2012-10-17",0
"2012-10-18",0
"2012-10-19",0
"2012-10-20",0
"2012-10-21",0
"2012-10-22",5.7658
"2012-10-23",0.285
"2012-10-24",0
"2012-10-25",0
"2012-10-26",0
"2012-10-27",0
"2012-10-28",0
"2012-10-29",0
"2012-10-30",0
"2012-10-31",0
"2012-11-01",0.2519
"2012-11-02",0
"2012-11-03",0
"2012-11-04",0
"2012-11-05",0
"2012-11-06",0
"2012-11-07",0
"2012-11-08",0.1994
"2012-11-09",2.2247
"2012-11-10",0.261
"2012-11-11",0
"2012-11-12",0
"2012-11-13",0
"2012-11-14",0
"2012-11-15",0
"2012-11-16",15.1916
"2012-11-17",12.0345
"2012-11-18",6.9151
"2012-11-19",0
"2012-11-20",0
"2012-11-21",0
"2012-11-22",0
"2012-11-23",0
"2012-11-24",0
"2012-11-25",0
"2012-11-26",0
"2012-11-27",0
"2012-11-28",5.6032
"2012-11-29",1.2618
"2012-11-30",44.678
"2012-12-01",1.0143
"2012-12-02",21.7666
"2012-12-03",0.2829
"2012-12-04",0
"2012-12-05",4.5922
"2012-12-06",1.1169
"2012-12-07",0
"2012-12-08",0
"2012-12-09",0
"2012-12-10",0
"2012-12-11",0
"2012-12-12",2.7667
"2012-12-13",0
"2012-12-14",0
"2012-12-15",1.2431
"2012-12-16",0
"2012-12-17",3.1668
"2012-12-18",1.44
"2012-12-19",0
"2012-12-20",0
"2012-12-21",0.1442
"2012-12-22",16.7637
"2012-12-23",13.4674
"2012-12-24",2.2199
"2012-12-25",4.1316
"2012-12-26",12.7734
"2012-12-27",0.638
"2012-12-28",0.3033
"2012-12-29",6.5713
"2012-12-30",0
"2012-12-31",0
"2013-01-01",0
"2013-01-02",0
"2013-01-03",0
"2013-01-04",0
"2013-01-05",0.1968
"2013-01-06",14.6064
"2013-01-07",0
"2013-01-08",0
"2013-01-09",0.0212
"2013-01-10",1.7695
"2013-01-11",0
"2013-01-12",0.021
"2013-01-13",0
"2013-01-14",0
"2013-01-15",0
"2013-01-16",0
"2013-01-17",0
"2013-01-18",0
"2013-01-19",0
"2013-01-20",0
"2013-01-21",0
"2013-01-22",0
"2013-01-23",0.0242
"2013-01-24",2.5096
"2013-01-25",0.5077
"2013-01-26",0.0056
"2013-01-27",0
"2013-01-28",0
"2013-01-29",0
"2013-01-30",0
"2013-01-31",0
"2013-02-01",0
"2013-02-02",0
"2013-02-03",0
"2013-02-04",0
"2013-02-05",0
"2013-02-06",0
"2013-02-07",0.0056
"2013-02-08",1.8641
"2013-02-09",0
"2013-02-10",0
"2013-02-11",0
"2013-02-12",0
"2013-02-13",0
"2013-02-14",0
"2013-02-15",0
"2013-02-16",0
"2013-02-17",0
"2013-02-18",0
"2013-02-19",8.7251
"2013-02-20",0.586
"2013-02-21",0
"2013-02-22",0
"2013-02-23",0
"2013-02-24",0
"2013-02-25",0
"2013-02-26",0
"2013-02-27",0
"2013-02-28",0
"2013-03-01",0
"2013-03-02",0
"2013-03-03",0.0349
"2013-03-04",0
"2013-03-05",0
"2013-03-06",3.5889
"2013-03-07",0.763
"2013-03-08",4.9083
"2013-03-09",0
"2013-03-10",0
"2013-03-11",0
"2013-03-12",0
"2013-03-13",0
"2013-03-14",0
"2013-03-15",0
"2013-03-16",0
"2013-03-17",0
"2013-03-18",0
"2013-03-19",0
"2013-03-20",0.2694
"2013-03-21",0
"2013-03-22",0
"2013-03-23",0
"2013-03-24",0
"2013-03-25",0
"2013-03-26",0
"2013-03-27",0
"2013-03-28",0
"2013-03-29",0
"2013-03-30",0
"2013-03-31",0.8293
"2013-04-01",0.641
"2013-04-02",0
"2013-04-03",0
"2013-04-04",3.0219
"2013-04-05",0
"2013-04-06",0
"2013-04-07",0
"2013-04-08",0.6029
"2013-04-09",0
"2013-04-10",0
"2013-04-11",0
"2013-04-12",0
"2013-04-13",0
"2013-04-14",0
"2013-04-15",0.3061
"2013-04-16",0
"2013-04-17",0
"2013-04-18",0
"2013-04-19",0
"2013-04-20",0
"2013-04-21",0
"2013-04-22",0
"2013-04-23",0
"2013-04-24",0
"2013-04-25",0
"2013-04-26",0
"2013-04-27",0
"2013-04-28",0
"2013-04-29",0
"2013-04-30",0
"2013-05-01",0
"2013-05-02",0
"2013-05-03",0
"2013-05-04",0
"2013-05-05",0
"2013-05-06",0.1301
"2013-05-07",0
"2013-05-08",0
"2013-05-09",0
"2013-05-10",0
"2013-05-11",0
"2013-05-12",0
"2013-05-13",0
"2013-05-14",0
"2013-05-15",0
"2013-05-16",0
"2013-05-17",0
"2013-05-18",0
"2013-05-19",0
"2013-05-20",0
"2013-05-21",0
"2013-05-22",0
"2013-05-23",0
"2013-05-24",0
"2013-05-25",0
"2013-05-26",0
"2013-05-27",0
"2013-05-28",0
"2013-05-29",0
"2013-05-30",0
"2013-05-31",0
"2013-06-01",0
"2013-06-02",0
"2013-06-03",0
"2013-06-04",0
"2013-06-05",0
"2013-06-06",0
"2013-06-07",0
"2013-06-08",0
"2013-06-09",0
"2013-06-10",0
"2013-06-11",0
"2013-06-12",0
"2013-06-13",0
"2013-06-14",0
"2013-06-15",0
"2013-06-16",0
"2013-06-17",0
"2013-06-18",0
"2013-06-19",0
"2013-06-20",0
"2013-06-21",0
"2013-06-22",0
"2013-06-23",0
"2013-06-24",0
"2013-06-25",0
"2013-06-26",0
"2013-06-27",0
"2013-06-28",0
"2013-06-29",0
"2013-06-30",0
"2013-07-01",0
"2013-07-02",0
"2013-07-03",0
"2013-07-04",0
"2013-07-05",0
"2013-07-06",0
"2013-07-07",0
"2013-07-08",0
"2013-07-09",0
"2013-07-10",0
"2013-07-11",0
"2013-07-12",0
"2013-07-13",0
"2013-07-14",0
"2013-07-15",0
"2013-07-16",0
"2013-07-17",0
"2013-07-18",0
"2013-07-19",0
"2013-07-20",0
"2013-07-21",0
"2013-07-22",0
"2013-07-23",0
"2013-07-24",0
"2013-07-25",0
"2013-07-26",0
"2013-07-27",0
"2013-07-28",0
"2013-07-29",0
"2013-07-30",0
"2013-07-31",0
"2013-08-01",0
"2013-08-02",0
"2013-08-03",0
"2013-08-04",0
"2013-08-05",0
"2013-08-06",0
"2013-08-07",0
"2013-08-08",0
"2013-08-09",0
"2013-08-10",0
"2013-08-11",0
"2013-08-12",0
"2013-08-13",0
"2013-08-14",0
"2013-08-15",0
"2013-08-16",0
"2013-08-17",0
"2013-08-18",0
"2013-08-19",0
"2013-08-20",0
"2013-08-21",0
"2013-08-22",0
"2013-08-23",0
"2013-08-24",0
"2013-08-25",0
"2013-08-26",0
"2013-08-27",0
"2013-08-28",0
"2013-08-29",0
"2013-08-30",0
"2013-08-31",0
"2013-09-01",0
"2013-09-02",0
"2013-09-03",0
"2013-09-04",0
"2013-09-05",0
"2013-09-06",0
"2013-09-07",0
"2013-09-08",0
"2013-09-09",0
"2013-09-10",0
"2013-09-11",0
"2013-09-12",0
"2013-09-13",0
"2013-09-14",0
"2013-09-15",0
"2013-09-16",0
"2013-09-17",0
"2013-09-18",0
"2013-09-19",0
"2013-09-20",0
"2013-09-21",0.1268
"2013-09-22",0
"2013-09-23",0
"2013-09-24",0
"2013-09-25",0
"2013-09-26",0
"2013-09-27",0
"2013-09-28",0
"2013-09-29",0
"2013-09-30",0
"2013-10-01",0
"2013-10-02",0
"2013-10-03",0
"2013-10-04",0
"2013-10-05",0
"2013-10-06",0
"2013-10-07",0
"2013-10-08",0
"2013-10-09",0
"2013-10-10",0
"2013-10-11",0
"2013-10-12",0
"2013-10-13",0
"2013-10-14",0
"2013-10-15",0
"2013-10-16",0
"2013-10-17",0
"2013-10-18",0
"2013-10-19",0
"2013-10-20",0
"2013-10-21",0
"2013-10-22",0
"2013-10-23",0
"2013-10-24",0
"2013-10-25",0
"2013-10-26",0
"2013-10-27",0
"2013-10-28",0.445
"2013-10-29",0
"2013-10-30",0
"2013-10-31",0
"2013-11-01",0
"2013-11-02",0
"2013-11-03",0
"2013-11-04",0
"2013-11-05",0
"2013-11-06",0
"2013-11-07",0
"2013-11-08",0
"2013-11-09",0
"2013-11-10",0
"2013-11-11",0
"2013-11-12",0
"2013-11-13",0
"2013-11-14",0
"2013-11-15",0
"2013-11-16",0
"2013-11-17",0
"2013-11-18",0
"2013-11-19",0
"2013-11-20",6.2469
"2013-11-21",0.3694
"2013-11-22",0
"2013-11-23",0
"2013-11-24",0
"2013-11-25",0
"2013-11-26",0
"2013-11-27",0
"2013-11-28",0
"2013-11-29",0
"2013-11-30",0
"2013-12-01",0
"2013-12-02",0
"2013-12-03",0
"2013-12-04",0
"2013-12-05",0
"2013-12-06",0
"2013-12-07",6.7841
"2013-12-08",0
"2013-12-09",0
"2013-12-10",0
"2013-12-11",0
"2013-12-12",0
"2013-12-13",0
"2013-12-14",0
"2013-12-15",0
"2013-12-16",0
"2013-12-17",0
"2013-12-18",0
"2013-12-19",0
"2013-12-20",0
"2013-12-21",0
"2013-12-22",0
"2013-12-23",0
"2013-12-24",0
"2013-12-25",0
"2013-12-26",0
"2013-12-27",0
"2013-12-28",0
"2013-12-29",0
"2013-12-30",0
"2013-12-31",0
"2014-01-01",0
"2014-01-02",0
"2014-01-03",0
"2014-01-04",0
"2014-01-05",0
"2014-01-06",0
"2014-01-07",0
"2014-01-08",0
"2014-01-09",0
"2014-01-10",0
"2014-01-11",0
"2014-01-12",0
"2014-01-13",0
"2014-01-14",0
"2014-01-15",0
"2014-01-16",0
"2014-01-17",0
"2014-01-18",0
"2014-01-19",0
"2014-01-20",0
"2014-01-21",0
"2014-01-22",0
"2014-01-23",0
"2014-01-24",0
"2014-01-25",0
"2014-01-26",0
"2014-01-27",0
"2014-01-28",0
"2014-01-29",0
"2014-01-30",2.1688
"2014-01-31",0
"2014-02-01",0
"2014-02-02",8.9895
"2014-02-03",0
"2014-02-04",0
"2014-02-05",0.74
"2014-02-06",10.2342
"2014-02-07",1.7681
"2014-02-08",0
"2014-02-09",2.7582
"2014-02-10",0.1856
"2014-02-11",0
"2014-02-12",0
"2014-02-13",0
"2014-02-14",0
"2014-02-15",0
"2014-02-16",0
"2014-02-17",0
"2014-02-18",0
"2014-02-19",0
"2014-02-20",0
"2014-02-21",0
"2014-02-22",0
"2014-02-23",0
"2014-02-24",0
"2014-02-25",0
"2014-02-26",28.4131
"2014-02-27",21.0486
"2014-02-28",24.7819
"2014-03-01",12.0644
"2014-03-02",0
"2014-03-03",1.1509
"2014-03-04",0
"2014-03-05",0.0309
"2014-03-06",0.2738
"2014-03-07",0
"2014-03-08",0
"2014-03-09",0
"2014-03-10",0
"2014-03-11",0
"2014-03-12",0
"2014-03-13",0
"2014-03-14",0
"2014-03-15",0
"2014-03-16",0
"2014-03-17",0
"2014-03-18",0
"2014-03-19",0
"2014-03-20",0
"2014-03-21",0
"2014-03-22",0
"2014-03-23",0
"2014-03-24",0
"2014-03-25",0.6912
"2014-03-26",4.5845
"2014-03-27",0.0751
"2014-03-28",0
"2014-03-29",16.9814
"2014-03-30",0
"2014-03-31",11.2857
"2014-04-01",7.5063
"2014-04-02",0.6364
"2014-04-03",0
"2014-04-04",1.0335
"2014-04-05",0
"2014-04-06",0
"2014-04-07",0
"2014-04-08",0
"2014-04-09",0
"2014-04-10",0
"2014-04-11",0
"2014-04-12",0
"2014-04-13",0
"2014-04-14",0
"2014-04-15",0
"2014-04-16",0
"2014-04-17",0
"2014-04-18",0
"2014-04-19",0
"2014-04-20",0
"2014-04-21",0
"2014-04-22",0
"2014-04-23",0
"2014-04-24",0.3517
"2014-04-25",12.1841
"2014-04-26",0
"2014-04-27",0
"2014-04-28",0
"2014-04-29",0
"2014-04-30",0
"2014-05-01",0
"2014-05-02",0
"2014-05-03",0
"2014-05-04",0
"2014-05-05",0
"2014-05-06",0
"2014-05-07",0
"2014-05-08",0
"2014-05-09",0
"2014-05-10",0
"2014-05-11",0
"2014-05-12",0
"2014-05-13",0
"2014-05-14",0
"2014-05-15",0
"2014-05-16",0
"2014-05-17",0
"2014-05-18",0
"2014-05-19",0.0443
"2014-05-20",0
"2014-05-21",0
"2014-05-22",0
"2014-05-23",0
"2014-05-24",0
"2014-05-25",0
"2014-05-26",0
"2014-05-27",0
"2014-05-28",0
"2014-05-29",0
"2014-05-30",0
"2014-05-31",0
"2014-06-01",0
"2014-06-02",0
"2014-06-03",0
"2014-06-04",0
"2014-06-05",0
"2014-06-06",0
"2014-06-07",0
"2014-06-08",0
"2014-06-09",0
"2014-06-10",0
"2014-06-11",0
"2014-06-12",0
"2014-06-13",0
"2014-06-14",0
"2014-06-15",0
"2014-06-16",0
"2014-06-17",0
"2014-06-18",0
"2014-06-19",0
"2014-06-20",0
"2014-06-21",0
"2014-06-22",0
"2014-06-23",0
"2014-06-24",0
"2014-06-25",0
"2014-06-26",0
"2014-06-27",0
"2014-06-28",0
"2014-06-29",0
"2014-06-30",0
"2014-07-01",0
"2014-07-02",0
"2014-07-03",0
"2014-07-04",0
"2014-07-05",0
"2014-07-06",0
"2014-07-07",0
"2014-07-08",0
"2014-07-09",0
"2014-07-10",0
"2014-07-11",0
"2014-07-12",0
"2014-07-13",0
"2014-07-14",0
"2014-07-15",0
"2014-07-16",0
"2014-07-17",0
"2014-07-18",0
"2014-07-19",0
"2014-07-20",0
"2014-07-21",0
"2014-07-22",0
"2014-07-23",0
"2014-07-24",0
"2014-07-25",0
"2014-07-26",0
"2014-07-27",0
"2014-07-28",0
"2014-07-29",0
"2014-07-30",0
"2014-07-31",0
"2014-08-01",0
"2014-08-02",0
"2014-08-03",0
"2014-08-04",0
"2014-08-05",0
"2014-08-06",0
"2014-08-07",0
"2014-08-08",0
"2014-08-09",0
"2014-08-10",0
"2014-08-11",0
"2014-08-12",0
"2014-08-13",0
"2014-08-14",0
"2014-08-15",0
"2014-08-16",0
"2014-08-17",0
"2014-08-18",0
"2014-08-19",0
"2014-08-20",0
"2014-08-21",0
"2014-08-22",0
"2014-08-23",0
"2014-08-24",0
"2014-08-25",0
"2014-08-26",0
"2014-08-27",0
"2014-08-28",0
"2014-08-29",0
"2014-08-30",0
"2014-08-31",0
"2014-09-01",0
"2014-09-02",0
"2014-09-03",0
"2014-09-04",0
"2014-09-05",0
"2014-09-06",0
"2014-09-07",0
"2014-09-08",0
"2014-09-09",0
"2014-09-10",0
"2014-09-11",0
"2014-09-12",0
"2014-09-13",0
"2014-09-14",0
"2014-09-15",0
"2014-09-16",0
"2014-09-17",0
"2014-09-18",0
"2014-09-19",0
"2014-09-20",0
"2014-09-21",0
"2014-09-22",0
"2014-09-23",0
"2014-09-24",0
"2014-09-25",0
"2014-09-26",0
"2014-09-27",0
"2014-09-28",0
"2014-09-29",0
"2014-09-30",0
"2014-10-01",0
"2014-10-02",0
"2014-10-03",0
"2014-10-04",0
"2014-10-05",0
"2014-10-06",0
"2014-10-07",0
"2014-10-08",0
"2014-10-09",0
"2014-10-10",0
"2014-10-11",0
"2014-10-12",0
"2014-10-13",0
"2014-10-14",0
"2014-10-15",0
"2014-10-16",0
"2014-10-17",0
"2014-10-18",0
"2014-10-19",0
"2014-10-20",0
"2014-10-21",0
"2014-10-22",0
"2014-10-23",0
"2014-10-24",0
"2014-10-25",1.29
"2014-10-26",0
"2014-10-27",0
"2014-10-28",0
"2014-10-29",0
"2014-10-30",0
"2014-10-31",28.7169
"2014-11-01",2.1571
"2014-11-02",0
"2014-11-03",0
"2014-11-04",0
"2014-11-05",0
"2014-11-06",0
"2014-11-07",0
"2014-11-08",0
"2014-11-09",0
"2014-11-10",0
"2014-11-11",0
"2014-11-12",0
"2014-11-13",0.7534
"2014-11-14",0
"2014-11-15",0
"2014-11-16",0
"2014-11-17",0
"2014-11-18",0
"2014-11-19",1.1864
"2014-11-20",1.3045
"2014-11-21",0
"2014-11-22",1.2361
"2014-11-23",0
"2014-11-24",0
"2014-11-25",0
"2014-11-26",0
"2014-11-27",0
"2014-11-28",0
"2014-11-29",0.1682
"2014-11-30",4.6851
"2014-12-01",2.2089
"2014-12-02",23.0335
"2014-12-03",10.0816
"2014-12-04",3.145
"2014-12-05",7.9144
"2014-12-06",0
"2014-12-07",0
"2014-12-08",0
"2014-12-09",0
"2014-12-10",0
"2014-12-11",62.3092
"2014-12-12",4.5975
"2014-12-13",0
"2014-12-14",0
"2014-12-15",11.0749
"2014-12-16",17.942
"2014-12-17",2.8194
"2014-12-18",0
"2014-12-19",0.4362
"2014-12-20",0.9343
"2014-12-21",0
"2014-12-22",0
"2014-12-23",0
"2014-12-24",1.1884
"2014-12-25",0
"2014-12-26",0
"2014-12-27",0
"2014-12-28",0
"2014-12-29",0
"2014-12-30",0
"2014-12-31",0
"2015-01-01",0
"2015-01-02",0
"2015-01-03",0
"2015-01-04",0
"2015-01-05",0
"2015-01-06",0
"2015-01-07",0
"2015-01-08",0
"2015-01-09",0
"2015-01-10",0
"2015-01-11",0
"2015-01-12",0
"2015-01-13",0
"2015-01-14",0
"2015-01-15",0
"2015-01-16",0
"2015-01-17",0
"2015-01-18",0
"2015-01-19",0
"2015-01-20",0
"2015-01-21",0
"2015-01-22",0
"2015-01-23",0
"2015-01-24",0
"2015-01-25",0
"2015-01-26",0
"2015-01-27",0.3013
"2015-01-28",0
"2015-01-29",0
"2015-01-30",0
"2015-01-31",0
"2015-02-01",0
"2015-02-02",0
"2015-02-03",0
"2015-02-04",0
"2015-02-05",0
"2015-02-06",15.2887
"2015-02-07",2.4316
"2015-02-08",14.9446
"2015-02-09",0
"2015-02-10",0
"2015-02-11",0
"2015-02-12",0
"2015-02-13",0
"2015-02-14",0
"2015-02-15",0
"2015-02-16",0
"2015-02-17",0
"2015-02-18",0
"2015-02-19",0
"2015-02-20",0
"2015-02-21",0
"2015-02-22",0.7795
"2015-02-23",0
"2015-02-24",0
"2015-02-25",0
"2015-02-26",0
"2015-02-27",1.611
"2015-02-28",5.6951
"2015-03-01",0
"2015-03-02",1.1152
"2015-03-03",0
"2015-03-04",0
"2015-03-05",0
"2015-03-06",0
"2015-03-07",0
"2015-03-08",0
"2015-03-09",0
"2015-03-10",0
"2015-03-11",1.2899
"2015-03-12",0
"2015-03-13",0
"2015-03-14",0
"2015-03-15",0
"2015-03-16",0
"2015-03-17",0
"2015-03-18",0
"2015-03-19",0
"2015-03-20",0
"2015-03-21",0
"2015-03-22",0
"2015-03-23",0
"2015-03-24",0
"2015-03-25",0
"2015-03-26",0
"2015-03-27",0
"2015-03-28",0
"2015-03-29",0
"2015-03-30",0
"2015-03-31",0
"2015-04-01",0
"2015-04-02",0
"2015-04-03",0
"2015-04-04",0
"2015-04-05",0
"2015-04-06",0
"2015-04-07",10.518
"2015-04-08",0
"2015-04-09",0
"2015-04-10",0
"2015-04-11",0
"2015-04-12",0
"2015-04-13",0
"2015-04-14",0
"2015-04-15",0
"2015-04-16",0
"2015-04-17",0
"2015-04-18",0
"2015-04-19",0
"2015-04-20",0
"2015-04-21",0
"2015-04-22",0
"2015-04-23",0
"2015-04-24",1.2551
"2015-04-25",5.2215
"2015-04-26",0
"2015-04-27",0
"2015-04-28",0
"2015-04-29",0
"2015-04-30",0
"2015-05-01",0
"2015-05-02",0
"2015-05-03",0
"2015-05-04",0
"2015-05-05",0
"2015-05-06",0
"2015-05-07",3.7986
"2015-05-08",0
"2015-05-09",0
"2015-05-10",0
"2015-05-11",0
"2015-05-12",0
"2015-05-13",0
"2015-05-14",7.1519
"2015-05-15",0
"2015-05-16",0
"2015-05-17",0
"2015-05-18",0
"2015-05-19",0
"2015-05-20",0
"2015-05-21",0
"2015-05-22",0
"2015-05-23",0
"2015-05-24",0
"2015-05-25",0
"2015-05-26",0
"2015-05-27",0
"2015-05-28",0
"2015-05-29",0
"2015-05-30",0
"2015-05-31",0
"2015-06-01",0
"2015-06-02",0
"2015-06-03",0
"2015-06-04",0
"2015-06-05",0
"2015-06-06",0
"2015-06-07",0
"2015-06-08",0
"2015-06-09",0
"2015-06-10",1.3045
"2015-06-11",0
"2015-06-12",0
"2015-06-13",0
"2015-06-14",0
"2015-06-15",0
"2015-06-16",0
"2015-06-17",0
"2015-06-18",0
"2015-06-19",0
"2015-06-20",0
"2015-06-21",0
"2015-06-22",0
"2015-06-23",0
"2015-06-24",0
"2015-06-25",0
"2015-06-26",0
"2015-06-27",0
"2015-06-28",0
"2015-06-29",0
"2015-06-30",0
"2015-07-01",0
"2015-07-02",0
"2015-07-03",0
"2015-07-04",0
"2015-07-05",0
"2015-07-06",0
"2015-07-07",0
"2015-07-08",0
"2015-07-09",0
"2015-07-10",0
"2015-07-11",0
"2015-07-12",0
"2015-07-13",0
"2015-07-14",0
"2015-07-15",0
"2015-07-16",0
"2015-07-17",0
"2015-07-18",0
"2015-07-19",0.6277
"2015-07-20",0
"2015-07-21",0
"2015-07-22",0
"2015-07-23",0
"2015-07-24",0
"2015-07-25",0
"2015-07-26",0
"2015-07-27",0
"2015-07-28",0
"2015-07-29",0
"2015-07-30",0
"2015-07-31",0
"2015-08-01",0
"2015-08-02",0
"2015-08-03",0
"2015-08-04",0
"2015-08-05",0
"2015-08-06",0.1009
"2015-08-07",0
"2015-08-08",0
"2015-08-09",0
"2015-08-10",0
"2015-08-11",0
"2015-08-12",0
"2015-08-13",0
"2015-08-14",0
"2015-08-15",0
"2015-08-16",0
"2015-08-17",0
"2015-08-18",0
"2015-08-19",0
"2015-08-20",0
"2015-08-21",0
"2015-08-22",0
"2015-08-23",0
"2015-08-24",0
"2015-08-25",0
"2015-08-26",0
"2015-08-27",0
"2015-08-28",0
"2015-08-29",0
"2015-08-30",0
"2015-08-31",0
"2015-09-01",0
"2015-09-02",0
"2015-09-03",0
"2015-09-04",0
"2015-09-05",0
"2015-09-06",0
"2015-09-07",0
"2015-09-08",0
"2015-09-09",0
"2015-09-10",0
"2015-09-11",0
"2015-09-12",0
"2015-09-13",0
"2015-09-14",0
"2015-09-15",0
"2015-09-16",0
"2015-09-17",0
"2015-09-18",0
"2015-09-19",0
"2015-09-20",0
"2015-09-21",0
"2015-09-22",0
"2015-09-23",0
"2015-09-24",0
"2015-09-25",0
"2015-09-26",0
"2015-09-27",0
"2015-09-28",0
"2015-09-29",0
"2015-09-30",2.4081
"2015-10-01",0.1118
"2015-10-02",0
"2015-10-03",0
"2015-10-04",0
"2015-10-05",0
"2015-10-06",0
"2015-10-07",0
"2015-10-08",0
"2015-10-09",0
"2015-10-10",0
"2015-10-11",0
"2015-10-12",0
"2015-10-13",0
"2015-10-14",1.2366
"2015-10-15",1.7984
"2015-10-16",0.7016
"2015-10-17",0
"2015-10-18",0.6432
"2015-10-19",0.4097
"2015-10-20",0
"2015-10-21",0
"2015-10-22",0
"2015-10-23",0
"2015-10-24",0
"2015-10-25",0
"2015-10-26",0
"2015-10-27",0
"2015-10-28",0
"2015-10-29",0
"2015-10-30",0
"2015-10-31",0
"2015-11-01",2.095
"2015-11-02",25.689
"2015-11-03",0
"2015-11-04",0
"2015-11-05",0
"2015-11-06",0
"2015-11-07",0
"2015-11-08",9.7336
"2015-11-09",7.1286
"2015-11-10",0.427
"2015-11-11",0
"2015-11-12",0
"2015-11-13",0
"2015-11-14",0.0702
"2015-11-15",6.6504
"2015-11-16",0
"2015-11-17",0
"2015-11-18",0
"2015-11-19",0
"2015-11-20",0
"2015-11-21",0
"2015-11-22",0
"2015-11-23",0
"2015-11-24",3.9867
"2015-11-25",0.6094
"2015-11-26",0
"2015-11-27",0
"2015-11-28",0
"2015-11-29",0
"2015-11-30",0
"2015-12-01",0
"2015-12-02",0
"2015-12-03",2.626
"2015-12-04",0
"2015-12-05",0
"2015-12-06",0
"2015-12-07",0
"2015-12-08",0
"2015-12-09",0.0205
"2015-12-10",8.9436
"2015-12-11",3.552
"2015-12-12",0
"2015-12-13",9.3003
"2015-12-14",0
"2015-12-15",0
"2015-12-16",0
"2015-12-17",0
"2015-12-18",1.8018
"2015-12-19",4.2249
"2015-12-20",0.0288
"2015-12-21",21.1793
"2015-12-22",21.6826
"2015-12-23",0
"2015-12-24",5.5804
"2015-12-25",0.0996
"2015-12-26",0
"2015-12-27",0.0532
"2015-12-28",1.2166
"2015-12-29",0
"2015-12-30",0
"2015-12-31",0
"2016-01-01",0
"2016-01-02",0
"2016-01-03",0.5524
"2016-01-04",3.4517
"2016-01-05",17.5762
"2016-01-06",13.795
"2016-01-07",0.9369
"2016-01-08",0
"2016-01-09",0.006
"2016-01-10",0
"2016-01-11",0
"2016-01-12",0.3876
"2016-01-13",0.6309
"2016-01-14",0.0447
"2016-01-15",3.1264
"2016-01-16",1.4249
"2016-01-17",8.7971
"2016-01-18",3.5731
"2016-01-19",16.6332
"2016-01-20",0
"2016-01-21",0
"2016-01-22",13.8944
"2016-01-23",1.6433
"2016-01-24",0
"2016-01-25",0
"2016-01-26",0
"2016-01-27",0
"2016-01-28",0
"2016-01-29",1.0469
"2016-01-30",5.3447
"2016-01-31",2.8523
"2016-02-01",1.4222
"2016-02-02",0.9457
"2016-02-03",0.6147
"2016-02-04",0
"2016-02-05",0.5181
"2016-02-06",1.0472
"2016-02-07",0.7831
"2016-02-08",0
"2016-02-09",3.6477
"2016-02-10",2.3462
"2016-02-11",0
"2016-02-12",0
"2016-02-13",0
"2016-02-14",0
"2016-02-15",0
"2016-02-16",1.5741
"2016-02-17",2.7665
"2016-02-18",0.6662
"2016-02-19",1.6962
"2016-02-20",4.7469
"2016-02-21",0.3133
"2016-02-22",0
"2016-02-23",0
"2016-02-24",0
"2016-02-25",0.1851
"2016-02-26",0
"2016-02-27",0
"2016-02-28",0
"2016-02-29",0
"2016-03-01",0
"2016-03-02",0
"2016-03-03",0.129
"2016-03-04",13.3287
"2016-03-05",24.0798
"2016-03-06",13.7394
"2016-03-07",6.3442
"2016-03-08",0
"2016-03-09",0
"2016-03-10",0
"2016-03-11",13.2227
"2016-03-12",1.0352
"2016-03-13",10.0384
"2016-03-14",0
"2016-03-15",0
"2016-03-16",0
"2016-03-17",0
"2016-03-18",0
"2016-03-19",0
"2016-03-20",0.8043
"2016-03-21",1.6616
"2016-03-22",0
"2016-03-23",0
"2016-03-24",0
"2016-03-25",0
"2016-03-26",0
"2016-03-27",0
"2016-03-28",0
"2016-03-29",0
"2016-03-30",0
"2016-03-31",0
"2016-04-01",0
"2016-04-02",0
"2016-04-03",0
"2016-04-04",0
"2016-04-05",0
"2016-04-06",0
"2016-04-07",0
"2016-04-08",5.5032
"2016-04-09",0.735
"2016-04-10",2.1458
"2016-04-11",0
"2016-04-12",0
"2016-04-13",0
"2016-04-14",0.599
"2016-04-15",0
"2016-04-16",0
"2016-04-17",0
"2016-04-18",0
"2016-04-19",0
"2016-04-20",0
"2016-04-21",0
"2016-04-22",4.8325
"2016-04-23",0
"2016-04-24",0
"2016-04-25",0
"2016-04-26",0
"2016-04-27",0.8788
"2016-04-28",0
"2016-04-29",0
"2016-04-30",0
"2016-05-01",0
"2016-05-02",0
"2016-05-03",0
"2016-05-04",0
"2016-05-05",5.4712
"2016-05-06",0.1481
"2016-05-07",0.0073
"2016-05-08",0
"2016-05-09",0
"2016-05-10",0
"2016-05-11",0
"2016-05-12",0
"2016-05-13",0
"2016-05-14",0
"2016-05-15",0
"2016-05-16",0
"2016-05-17",0
"2016-05-18",0
"2016-05-19",0
"2016-05-20",0
"2016-05-21",0
"2016-05-22",0
"2016-05-23",0
"2016-05-24",0
"2016-05-25",0
"2016-05-26",0
"2016-05-27",0
"2016-05-28",0
"2016-05-29",0
"2016-05-30",0
"2016-05-31",0
"2016-06-01",0
"2016-06-02",0
"2016-06-03",0
"2016-06-04",0
"2016-06-05",0
"2016-06-06",0
"2016-06-07",0
"2016-06-08",0
"2016-06-09",0
"2016-06-10",0
"2016-06-11",0
"2016-06-12",0
"2016-06-13",0
"2016-06-14",0
"2016-06-15",0
"2016-06-16",0
"2016-06-17",0
"2016-06-18",0
"2016-06-19",0
"2016-06-20",0
"2016-06-21",0
"2016-06-22",0
"2016-06-23",0
"2016-06-24",0
"2016-06-25",0
"2016-06-26",0
"2016-06-27",0
"2016-06-28",0
"2016-06-29",0
"2016-06-30",0
"2016-07-01",0
"2016-07-02",0
"2016-07-03",0
"2016-07-04",0
"2016-07-05",0
"2016-07-06",0
"2016-07-07",0
"2016-07-08",0
"2016-07-09",0
"2016-07-10",0
"2016-07-11",0
"2016-07-12",0
"2016-07-13",0
"2016-07-14",0
"2016-07-15",0
"2016-07-16",0
"2016-07-17",0
"2016-07-18",0
"2016-07-19",0
"2016-07-20",0
"2016-07-21",0
"2016-07-22",0
"2016-07-23",0
"2016-07-24",0
"2016-07-25",0
"2016-07-26",0
"2016-07-27",0
"2016-07-28",0
"2016-07-29",0
"2016-07-30",0
"2016-07-31",0
"2016-08-01",0
"2016-08-02",0
"2016-08-03",0
"2016-08-04",0
"2016-08-05",0
"2016-08-06",0
"2016-08-07",0
"2016-08-08",0
"2016-08-09",0
"2016-08-10",0
"2016-08-11",0
"2016-08-12",0
"2016-08-13",0
"2016-08-14",0
"2016-08-15",0
"2016-08-16",0
"2016-08-17",0
"2016-08-18",0
"2016-08-19",0
"2016-08-20",0
"2016-08-21",0
"2016-08-22",0
"2016-08-23",0
"2016-08-24",0
"2016-08-25",0
"2016-08-26",0
"2016-08-27",0
"2016-08-28",0
"2016-08-29",0
"2016-08-30",0
"2016-08-31",0
"2016-09-01",0
"2016-09-02",0
"2016-09-03",0
"2016-09-04",0
"2016-09-05",0
"2016-09-06",0
"2016-09-07",0
"2016-09-08",0
"2016-09-09",0
"2016-09-10",0
"2016-09-11",0
"2016-09-12",0
"2016-09-13",0
"2016-09-14",0
"2016-09-15",0
"2016-09-16",0
"2016-09-17",0
"2016-09-18",0
"2016-09-19",0
"2016-09-20",0
"2016-09-21",0
"2016-09-22",0
"2016-09-23",0
"2016-09-24",0
"2016-09-25",0
"2016-09-26",0
"2016-09-27",0
"2016-09-28",0
"2016-09-29",0
"2016-09-30",0
"2016-10-01",0
"2016-10-02",0
"2016-10-03",0
"2016-10-04",0
"2016-10-05",0
"2016-10-06",0
"2016-10-07",0
"2016-10-08",0
"2016-10-09",0
"2016-10-10",0
"2016-10-11",0
"2016-10-12",0
"2016-10-13",0
"2016-10-14",0.9739
"2016-10-15",2.3636
"2016-10-16",6.0866
"2016-10-17",0
"2016-10-18",0
"2016-10-19",0
"2016-10-20",0
"2016-10-21",0
"2016-10-22",0
"2016-10-23",0
"2016-10-24",0
"2016-10-25",0
"2016-10-26",0
"2016-10-27",14.2407
"2016-10-28",19.0166
"2016-10-29",0
"2016-10-30",5.6385
"2016-10-31",0.181
"2016-11-01",0
"2016-11-02",0
"2016-11-03",0
"2016-11-04",0
"2016-11-05",0
"2016-11-06",0
"2016-11-07",0
"2016-11-08",0
"2016-11-09",0
"2016-11-10",0
"2016-11-11",0
"2016-11-12",0
"2016-11-13",0
"2016-11-14",0
"2016-11-15",0
"2016-11-16",0
"2016-11-17",0
"2016-11-18",0
"2016-11-19",1.6861
"2016-11-20",11.4008
"2016-11-21",0
"2016-11-22",0.0422
"2016-11-23",0
"2016-11-24",0
"2016-11-25",0
"2016-11-26",8.3993
"2016-11-27",3.1281
"2016-11-28",0.5483
"2016-11-29",0
"2016-11-30",0
"2016-12-01",0
"2016-12-02",0
"2016-12-03",0
"2016-12-04",0
"2016-12-05",0
"2016-12-06",0
"2016-12-07",1.3323
"2016-12-08",5.2396
"2016-12-09",0.8406
"2016-12-10",9.6526
"2016-12-11",0
"2016-12-12",0
"2016-12-13",0
"2016-12-14",0
"2016-12-15",19.2368
"2016-12-16",0
"2016-12-17",0
"2016-12-18",0
"2016-12-19",0
"2016-12-20",0
"2016-12-21",0
"2016-12-22",0.0475
"2016-12-23",11.7329
"2016-12-24",0.5724
"2016-12-25",0
"2016-12-26",0
"2016-12-27",0
"2016-12-28",0
"2016-12-29",0
"2016-12-30",1.0286
"2016-12-31",0.1641
"2017-01-01",0
"2017-01-02",1.3485
"2017-01-03",18.6385
"2017-01-04",11.8865
"2017-01-05",0
"2017-01-06",0.9302
"2017-01-07",16.1088
"2017-01-08",19.7622
"2017-01-09",0.6197
"2017-01-10",15.8251
"2017-01-11",4.5687
"2017-01-12",3.5207
"2017-01-13",0
"2017-01-14",0
"2017-01-15",0
"2017-01-16",0
"2017-01-17",0
"2017-01-18",15.1895
"2017-01-19",8.965
"2017-01-20",18.1385
"2017-01-21",8.4533
"2017-01-22",27.9304
"2017-01-23",3.5187
"2017-01-24",0
"2017-01-25",0
"2017-01-26",0
"2017-01-27",0
"2017-01-28",0
"2017-01-29",0
"2017-01-30",0
"2017-01-31",0
"2017-02-01",7.8412
"2017-02-02",4.7817
"2017-02-03",3.2332
"2017-02-04",0
"2017-02-05",2.7752
"2017-02-06",4.7217
"2017-02-07",4.1395
"2017-02-08",0
"2017-02-09",17.2075
"2017-02-10",10.589
"2017-02-11",0
"2017-02-12",0
"2017-02-13",0
"2017-02-14",0
"2017-02-15",0
"2017-02-16",8.391
"2017-02-17",18.7984
"2017-02-18",3.6697
"2017-02-19",8.6956
"2017-02-20",23.8577
"2017-02-21",2.2153
"2017-02-22",0
"2017-02-23",0
"2017-02-24",0
"2017-02-25",0.8592
"2017-02-26",0
"2017-02-27",0
"2017-02-28",0
"2017-03-01",0
"2017-03-02",0
"2017-03-03",0
"2017-03-04",4.2274
"2017-03-05",5.4695
"2017-03-06",0.4462
"2017-03-07",0
"2017-03-08",0
"2017-03-09",0
"2017-03-10",0
"2017-03-11",0
"2017-03-12",0
"2017-03-13",0
"2017-03-14",0
"2017-03-15",0
"2017-03-16",0
"2017-03-17",0
"2017-03-18",0
"2017-03-19",0
"2017-03-20",6.6086
"2017-03-21",6.2306
"2017-03-22",5.1852
"2017-03-23",0
"2017-03-24",6.3581
"2017-03-25",0.8361
"2017-03-26",1.962
"2017-03-27",0
"2017-03-28",0
"2017-03-29",0
"2017-03-30",0.3699
"2017-03-31",0
"2017-04-01",0
"2017-04-02",0
"2017-04-03",0
"2017-04-04",0
"2017-04-05",0
"2017-04-06",3.8101
"2017-04-07",4.7949
"2017-04-08",1.8189
"2017-04-09",0
"2017-04-10",0
"2017-04-11",0
"2017-04-12",2.5221
"2017-04-13",2.4353
"2017-04-14",0
"2017-04-15",0
"2017-04-16",3.0107
"2017-04-17",1.955
"2017-04-18",3.2061
"2017-04-19",0
"2017-04-20",0
"2017-04-21",0
"2017-04-22",0
"2017-04-23",0
"2017-04-24",0.0331
"2017-04-25",0
"2017-04-26",0.0395
"2017-04-27",0
"2017-04-28",0
"2017-04-29",0
"2017-04-30",0
"2017-05-01",0
"2017-05-02",0
"2017-05-03",0
"2017-05-04",0
"2017-05-05",0
"2017-05-06",0.6625
"2017-05-07",0
"2017-05-08",0
"2017-05-09",0
"2017-05-10",0
"2017-05-11",0
"2017-05-12",0
"2017-05-13",0
"2017-05-14",0
"2017-05-15",0
"2017-05-16",0.2362
"2017-05-17",0.0241
"2017-05-18",0
"2017-05-19",0
"2017-05-20",0
"2017-05-21",0
"2017-05-22",0
"2017-05-23",0
"2017-05-24",0
"2017-05-25",0
"2017-05-26",0
"2017-05-27",0
"2017-05-28",0
"2017-05-29",0
"2017-05-30",0
"2017-05-31",0.8811
"2017-06-01",0
"2017-06-02",0
"2017-06-03",0
"2017-06-04",0
"2017-06-05",0
"2017-06-06",0
"2017-06-07",0
"2017-06-08",0
"2017-06-09",0.2439
"2017-06-10",0
"2017-06-11",0
"2017-06-12",0
"2017-06-13",0
"2017-06-14",0
"2017-06-15",0
"2017-06-16",0
"2017-06-17",0
"2017-06-18",0
"2017-06-19",0
"2017-06-20",0
"2017-06-21",0
"2017-06-22",0
"2017-06-23",0
"2017-06-24",0
"2017-06-25",0
"2017-06-26",0
"2017-06-27",0
"2017-06-28",0
"2017-06-29",0
"2017-06-30",0
"2017-07-01",0
"2017-07-02",0
"2017-07-03",0
"2017-07-04",0
"2017-07-05",0
"2017-07-06",0
"2017-07-07",0
"2017-07-08",0
"2017-07-09",0
"2017-07-10",0
"2017-07-11",0
"2017-07-12",0
"2017-07-13",0
"2017-07-14",0
"2017-07-15",0
"2017-07-16",0
"2017-07-17",0
"2017-07-18",0
"2017-07-19",0
"2017-07-20",0
"2017-07-21",0
"2017-07-22",0
"2017-07-23",0
"2017-07-24",0
"2017-07-25",0
"2017-07-26",0
"2017-07-27",0
"2017-07-28",0
"2017-07-29",0
"2017-07-30",0
"2017-07-31",0
"2017-08-01",0
"2017-08-02",0
"2017-08-03",0
"2017-08-04",0
"2017-08-05",0
"2017-08-06",0
"2017-08-07",0
"2017-08-08",0
"2017-08-09",0
"2017-08-10",0
"2017-08-11",0
"2017-08-12",0
"2017-08-13",0
"2017-08-14",0
"2017-08-15",0
"2017-08-16",0
"2017-08-17",0
"2017-08-18",0
"2017-08-19",0
"2017-08-20",0
"2017-08-21",0
"2017-08-22",0
"2017-08-23",0
"2017-08-24",0
"2017-08-25",0
"2017-08-26",0
"2017-08-27",0
"2017-08-28",0
"2017-08-29",0
"2017-08-30",0
"2017-08-31",0
"2017-09-01",0
"2017-09-02",0
"2017-09-03",0
"2017-09-04",0
"2017-09-05",0
"2017-09-06",0
"2017-09-07",0
"2017-09-08",0
"2017-09-09",0
"2017-09-10",0
"2017-09-11",0
"2017-09-12",0
"2017-09-13",0
"2017-09-14",0
"2017-09-15",0
"2017-09-16",0
"2017-09-17",0
"2017-09-18",0
"2017-09-19",0
"2017-09-20",0
"2017-09-21",0
"2017-09-22",0
"2017-09-23",0
"2017-09-24",0
"2017-09-25",0
"2017-09-26",0
"2017-09-27",0
"2017-09-28",0
"2017-09-29",0
"2017-09-30",0
"2017-10-01",0
"2017-10-02",0
"2017-10-03",0
"2017-10-04",0
"2017-10-05",0
"2017-10-06",0
"2017-10-07",0
"2017-10-08",0
"2017-10-09",0
"2017-10-10",0
"2017-10-11",0
"2017-10-12",0
"2017-10-13",0
"2017-10-14",0
"2017-10-15",0
"2017-10-16",0
"2017-10-17",0
"2017-10-18",0
"2017-10-19",2.2662
"2017-10-20",0
"2017-10-21",0
"2017-10-22",0
"2017-10-23",0
"2017-10-24",0
"2017-10-25",0
"2017-10-26",0
"2017-10-27",0
"2017-10-28",0
"2017-10-29",0
"2017-10-30",0
"2017-10-31",0
"2017-11-01",0
"2017-11-02",0.5771
"2017-11-03",2.8113
"2017-11-04",0.6507
"2017-11-05",0
"2017-11-06",0
"2017-11-07",0
"2017-11-08",1.0684
"2017-11-09",0.3517
"2017-11-10",0
"2017-11-11",0
"2017-11-12",0
"2017-11-13",0
"2017-11-14",0
"2017-11-15",0
"2017-11-16",3.9581
"2017-11-17",0.0443
"2017-11-18",0
"2017-11-19",0
"2017-11-20",0
"2017-11-21",0
"2017-11-22",0
"2017-11-23",0
"2017-11-24",0
"2017-11-25",0
"2017-11-26",5.2314
"2017-11-27",1.648
"2017-11-28",0
"2017-11-29",0
"2017-11-30",0
"2017-12-01",0
"2017-12-02",0
"2017-12-03",1.14
"2017-12-04",0
"2017-12-05",0
"2017-12-06",0
"2017-12-07",0
"2017-12-08",0
"2017-12-09",0
"2017-12-10",0
"2017-12-11",0
"2017-12-12",0
"2017-12-13",0
"2017-12-14",0
"2017-12-15",0
"2017-12-16",0
"2017-12-17",0
"2017-12-18",0
"2017-12-19",0
"2017-12-20",3.2792
"2017-12-21",0
"2017-12-22",0
"2017-12-23",0
"2017-12-24",0
"2017-12-25",0
"2017-12-26",0
"2017-12-27",0
"2017-12-28",0
"2017-12-29",0
"2017-12-30",0
"2017-12-31",0
"2018-01-01",0
"2018-01-02",0
"2018-01-03",5.7152
"2018-01-04",0
"2018-01-05",0.0085
"2018-01-06",0.5131
"2018-01-07",1.8229
"2018-01-08",40.4512
"2018-01-09",17.1398
"2018-01-10",0
"2018-01-11",0
"2018-01-12",0
"2018-01-13",0
"2018-01-14",0
"2018-01-15",0
"2018-01-16",0
"2018-01-17",0
"2018-01-18",3.2411
"2018-01-19",0.4686
"2018-01-20",0
"2018-01-21",0
"2018-01-22",0.6824
"2018-01-23",0
"2018-01-24",4.3314
"2018-01-25",0.6863
"2018-01-26",0
"2018-01-27",0
"2018-01-28",0
"2018-01-29",0
"2018-01-30",0
"2018-01-31",0
"2018-02-01",0
"2018-02-02",0
"2018-02-03",0
"2018-02-04",0
"2018-02-05",0
"2018-02-06",0
"2018-02-07",0
"2018-02-08",0
"2018-02-09",0
"2018-02-10",0
"2018-02-11",0
"2018-02-12",0
"2018-02-13",0
"2018-02-14",0
"2018-02-15",0
"2018-02-16",0
"2018-02-17",0
"2018-02-18",0
"2018-02-19",0
"2018-02-20",0
"2018-02-21",0
"2018-02-22",0.0245
"2018-02-23",0
"2018-02-24",0
"2018-02-25",0
"2018-02-26",4.9024
"2018-02-27",0
"2018-02-28",0.8433
"2018-03-01",31.0239
"2018-03-02",6.1752
"2018-03-03",1.8568
"2018-03-04",0
"2018-03-05",0
"2018-03-06",0
"2018-03-07",0
"2018-03-08",0
"2018-03-09",0
"2018-03-10",3.1715
"2018-03-11",0
"2018-03-12",2.8184
"2018-03-13",6.3629
"2018-03-14",0.6892
"2018-03-15",2.8251
"2018-03-16",5.548
"2018-03-17",2.5912
"2018-03-18",0
"2018-03-19",0
"2018-03-20",14.5144
"2018-03-21",17.8894
"2018-03-22",10.3643
"2018-03-23",0
"2018-03-24",0.4246
"2018-03-25",0.4001
"2018-03-26",0
"2018-03-27",0
"2018-03-28",0
"2018-03-29",0
"2018-03-30",0
"2018-03-31",0
"2018-04-01",0
"2018-04-02",0
"2018-04-03",0
"2018-04-04",0
"2018-04-05",0
"2018-04-06",5.7905
"2018-04-07",6.1203
"2018-04-08",0
"2018-04-09",0
"2018-04-10",0
"2018-04-11",2.0944
"2018-04-12",0
"2018-04-13",0
"2018-04-14",0
"2018-04-15",1.1988
"2018-04-16",2.2455
"2018-04-17",0
"2018-04-18",0
"2018-04-19",0
"2018-04-20",0
"2018-04-21",0
"2018-04-22",0
"2018-04-23",0
"2018-04-24",0
"2018-04-25",0
"2018-04-26",0
"2018-04-27",0
"2018-04-28",0
"2018-04-29",0
"2018-04-30",0
"2018-05-01",0.0257
"2018-05-02",0
"2018-05-03",0
"2018-05-04",0
"2018-05-05",0
"2018-05-06",0
"2018-05-07",0
"2018-05-08",0
"2018-05-09",0
"2018-05-10",0
"2018-05-11",0
"2018-05-12",0
"2018-05-13",0
"2018-05-14",0
"2018-05-15",0
"2018-05-16",0
"2018-05-17",0
"2018-05-18",0
"2018-05-19",0
"2018-05-20",0
"2018-05-21",0.0787
"2018-05-22",0
"2018-05-23",0
"2018-05-24",0
"2018-05-25",0
"2018-05-26",0.0968
"2018-05-27",0
"2018-05-28",0
"2018-05-29",0
"2018-05-30",0
"2018-05-31",0
"2018-06-01",0
"2018-06-02",0
"2018-06-03",0
"2018-06-04",0
"2018-06-05",0
"2018-06-06",0
"2018-06-07",0
"2018-06-08",0
"2018-06-09",0
"2018-06-10",0
"2018-06-11",0
"2018-06-12",0
"2018-06-13",0
"2018-06-14",0
"2018-06-15",0
"2018-06-16",0
"2018-06-17",0
"2018-06-18",0
"2018-06-19",0
"2018-06-20",0
"2018-06-21",0
"2018-06-22",0
"2018-06-23",0
"2018-06-24",0
"2018-06-25",0
"2018-06-26",0
"2018-06-27",0
"2018-06-28",0
"2018-06-29",0
"2018-06-30",0
"2018-07-01",0
"2018-07-02",0
"2018-07-03",0
"2018-07-04",0
"2018-07-05",0
"2018-07-06",0
"2018-07-07",0
"2018-07-08",0
"2018-07-09",0
"2018-07-10",0
"2018-07-11",0
"2018-07-12",0
"2018-07-13",0
"2018-07-14",0
"2018-07-15",0
"2018-07-16",0
"2018-07-17",0
"2018-07-18",0
"2018-07-19",0
"2018-07-20",0
"2018-07-21",0
"2018-07-22",0
"2018-07-23",0
"2018-07-24",0
"2018-07-25",0
"2018-07-26",0
"2018-07-27",0
"2018-07-28",0
"2018-07-29",0
"2018-07-30",0
"2018-07-31",0
"2018-08-01",0
"2018-08-02",0
"2018-08-03",0
"2018-08-04",0
"2018-08-05",0
"2018-08-06",0
"2018-08-07",0
"2018-08-08",0
"2018-08-09",0
"2018-08-10",0
"2018-08-11",0
"2018-08-12",0
"2018-08-13",0
"2018-08-14",0
"2018-08-15",0
"2018-08-16",0
"2018-08-17",0
"2018-08-18",0
"2018-08-19",0
"2018-08-20",0
"2018-08-21",0
"2018-08-22",0
"2018-08-23",0
"2018-08-24",0
"2018-08-25",0
"2018-08-26",0
"2018-08-27",0
"2018-08-28",0
"2018-08-29",0
"2018-08-30",0
"2018-08-31",0
"2018-09-01",0
"2018-09-02",0
"2018-09-03",0
"2018-09-04",0
"2018-09-05",0
"2018-09-06",0
"2018-09-07",0
"2018-09-08",0
"2018-09-09",0
"2018-09-10",0
"2018-09-11",0
"2018-09-12",0
"2018-09-13",0
"2018-09-14",0
"2018-09-15",0
"2018-09-16",0
"2018-09-17",0
"2018-09-18",0
"2018-09-19",0
"2018-09-20",0
"2018-09-21",0
"2018-09-22",0
"2018-09-23",0
"2018-09-24",0
"2018-09-25",0
"2018-09-26",0
"2018-09-27",0
"2018-09-28",0
"2018-09-29",0
"2018-09-30",0
"2018-10-01",0
"2018-10-02",0
"2018-10-03",5.0255
"2018-10-04",0
"2018-10-05",0
"2018-10-06",0
"2018-10-07",0
"2018-10-08",0
"2018-10-09",0
"2018-10-10",0
"2018-10-11",0
"2018-10-12",0
"2018-10-13",0
"2018-10-14",0
"2018-10-15",0
"2018-10-16",0
"2018-10-17",0
"2018-10-18",0
"2018-10-19",0
"2018-10-20",0
"2018-10-21",0
"2018-10-22",0
"2018-10-23",0
"2018-10-24",0
"2018-10-25",0
"2018-10-26",0
"2018-10-27",0
"2018-10-28",0
"2018-10-29",0
"2018-10-30",0
"2018-10-31",0
"2018-11-01",0
"2018-11-02",0
"2018-11-03",0
"2018-11-04",0
"2018-11-05",0
"2018-11-06",0
"2018-11-07",0
"2018-11-08",0
"2018-11-09",0
"2018-11-10",0
"2018-11-11",0
"2018-11-12",0
"2018-11-13",0
"2018-11-14",0
"2018-11-15",0
"2018-11-16",0
"2018-11-17",0
"2018-11-18",0
"2018-11-19",0
"2018-11-20",0
"2018-11-21",12.7531
"2018-11-22",0.6935
"2018-11-23",5.3386
"2018-11-24",1.661
"2018-11-25",0
"2018-11-26",0
"2018-11-27",2.5901
"2018-11-28",26.1798
"2018-11-29",20.2938
"2018-11-30",0
"2018-12-01",3.7504
"2018-12-02",0
"2018-12-03",0
"2018-12-04",1.3966
"2018-12-05",15.3972
"2018-12-06",0
"2018-12-07",0
"2018-12-08",0
"2018-12-09",0
"2018-12-10",0
"2018-12-11",0
"2018-12-12",0
"2018-12-13",0
"2018-12-14",0
"2018-12-15",0
"2018-12-16",21.0415
"2018-12-17",0.9843
"2018-12-18",0
"2018-12-19",0
"2018-12-20",0
"2018-12-21",0
"2018-12-22",0
"2018-12-23",0
"2018-12-24",10.14
"2018-12-25",0.6692
"2018-12-26",0
"2018-12-27",0
"2018-12-28",0
"2018-12-29",0
"2018-12-30",0
"2018-12-31",0
"2019-01-01",0
"2019-01-02",0
"2019-01-03",0
"2019-01-04",0
"2019-01-05",9.8552
"2019-01-06",12.9165
"2019-01-07",0
"2019-01-08",0.3016
"2019-01-09",1.2031
"2019-01-10",0
"2019-01-11",7.5652
"2019-01-12",0.1722
"2019-01-13",0
"2019-01-14",6.5974
"2019-01-15",10.7271
"2019-01-16",29.4114
"2019-01-17",0.1219
"2019-01-18",0
"2019-01-19",0
"2019-01-20",6.4429
"2019-01-21",0
"2019-01-22",0
"2019-01-23",0
"2019-01-24",0
"2019-01-25",0
"2019-01-26",0
"2019-01-27",0
"2019-01-28",0
"2019-01-29",0
"2019-01-30",11.62
"2019-01-31",4.6494
"2019-02-01",10.2432
"2019-02-02",31.1017
"2019-02-03",16.0182
"2019-02-04",17.0487
"2019-02-05",2.6363
"2019-02-06",0
"2019-02-07",0
"2019-02-08",14.0379
"2019-02-09",6.4831
"2019-02-10",10.2006
"2019-02-11",0
"2019-02-12",0.5939
"2019-02-13",11.6084
"2019-02-14",14.789
"2019-02-15",9.6656
"2019-02-16",6.6988
"2019-02-17",7.4604
"2019-02-18",0
"2019-02-19",0
"2019-02-20",4.7871
"2019-02-21",0.6569
"2019-02-22",0
"2019-02-23",0
"2019-02-24",0
"2019-02-25",0
"2019-02-26",0.6191
"2019-02-27",1.6148
"2019-02-28",0
"2019-03-01",7.0319
"2019-03-02",5.8074
"2019-03-03",1.0482
"2019-03-04",0
"2019-03-05",4.5607
"2019-03-06",7.812
"2019-03-07",4.0987
"2019-03-08",0.8893
"2019-03-09",2.7893
"2019-03-10",2.1734
"2019-03-11",0
"2019-03-12",0
"2019-03-13",0
"2019-03-14",0
"2019-03-15",0
"2019-03-16",0
"2019-03-17",0
"2019-03-18",0
"2019-03-19",4.0183
"2019-03-20",1.5657
"2019-03-21",0
"2019-03-22",2.777
"2019-03-23",3.5012
"2019-03-24",0
"2019-03-25",0
"2019-03-26",0.1309
"2019-03-27",2.3105
"2019-03-28",0.0361
"2019-03-29",0
"2019-03-30",0
"2019-03-31",0
"2019-04-01",0
"2019-04-02",0
"2019-04-03",0
"2019-04-04",0
"2019-04-05",0.669
"2019-04-06",0
"2019-04-07",0
"2019-04-08",0.122
"2019-04-09",0
"2019-04-10",0
"2019-04-11",0
"2019-04-12",0
"2019-04-13",0
"2019-04-14",0
"2019-04-15",4.0135
"2019-04-16",0.9941
"2019-04-17",0
"2019-04-18",0
"2019-04-19",0
"2019-04-20",0
"2019-04-21",0
"2019-04-22",0
"2019-04-23",0
"2019-04-24",0
"2019-04-25",0
"2019-04-26",0
"2019-04-27",0
"2019-04-28",0
"2019-04-29",0
"2019-04-30",0
"2019-05-01",0
"2019-05-02",0
"2019-05-03",0
"2019-05-04",0
"2019-05-05",0
"2019-05-06",0
"2019-05-07",0
"2019-05-08",0
"2019-05-09",0
"2019-05-10",0
"2019-05-11",0
"2019-05-12",0
"2019-05-13",0
"2019-05-14",0
"2019-05-15",10.1634
"2019-05-16",1.0322
"2019-05-17",0
"2019-05-18",7.972
"2019-05-19",4.7412
"2019-05-20",0.0361
"2019-05-21",4.4775
"2019-05-22",1.2518
"2019-05-23",0.2059
"2019-05-24",0
"2019-05-25",0.1728
"2019-05-26",2.7457
"2019-05-27",0
"2019-05-28",0
"2019-05-29",0
"2019-05-30",0
"2019-05-31",0.3955
"2019-06-01",0
"2019-06-02",0
"2019-06-03",0
"2019-06-04",0
"2019-06-05",0
"2019-06-06",0
"2019-06-07",0
"2019-06-08",0
"2019-06-09",0
"2019-06-10",0
"2019-06-11",0
"2019-06-12",0
"2019-06-13",0
"2019-06-14",0
"2019-06-15",0
"2019-06-16",0
"2019-06-17",0
"2019-06-18",0
"2019-06-19",0
"2019-06-20",0
"2019-06-21",0
"2019-06-22",0
"2019-06-23",0
"2019-06-24",0
"2019-06-25",0
"2019-06-26",0
"2019-06-27",0
"2019-06-28",0
"2019-06-29",0
"2019-06-30",0
"2019-07-01",0
"2019-07-02",0
"2019-07-03",0
"2019-07-04",0
"2019-07-05",0
"2019-07-06",0
"2019-07-07",0
"2019-07-08",0
"2019-07-09",0
"2019-07-10",0
"2019-07-11",0
"2019-07-12",0
"2019-07-13",0
"2019-07-14",0
"2019-07-15",0
"2019-07-16",0
"2019-07-17",0
"2019-07-18",0
"2019-07-19",0
"2019-07-20",0
"2019-07-21",0
"2019-07-22",0
"2019-07-23",0
"2019-07-24",0
"2019-07-25",0
"2019-07-26",0
"2019-07-27",0
"2019-07-28",0
"2019-07-29",0
"2019-07-30",0
"2019-07-31",0
"2019-08-01",0
"2019-08-02",0
"2019-08-03",0
"2019-08-04",0
"2019-08-05",0
"2019-08-06",0
"2019-08-07",0
"2019-08-08",0
"2019-08-09",0
"2019-08-10",0
"2019-08-11",0
"2019-08-12",0
"2019-08-13",0
"2019-08-14",0
"2019-08-15",0
"2019-08-16",0
"2019-08-17",0
"2019-08-18",0
"2019-08-19",0
"2019-08-20",0
"2019-08-21",0
"2019-08-22",0
"2019-08-23",0
"2019-08-24",0
"2019-08-25",0
"2019-08-26",0
"2019-08-27",0
"2019-08-28",0
"2019-08-29",0
"2019-08-30",0
"2019-08-31",0
"2019-09-01",0
"2019-09-02",0
"2019-09-03",0
"2019-09-04",0
"2019-09-05",0
"2019-09-06",0
"2019-09-07",0
"2019-09-08",0
"2019-09-09",0
"2019-09-10",0
"2019-09-11",0
"2019-09-12",0
"2019-09-13",0
"2019-09-14",0
"2019-09-15",0
"2019-09-16",0.0245
"2019-09-17",0
"2019-09-18",0
"2019-09-19",0
"2019-09-20",0
"2019-09-21",0
"2019-09-22",0
"2019-09-23",0
"2019-09-24",0
"2019-09-25",0
"2019-09-26",0
"2019-09-27",0
"2019-09-28",0
"2019-09-29",0
"2019-09-30",0
"2019-10-01",0
"2019-10-02",0
"2019-10-03",0
"2019-10-04",0
"2019-10-05",0
"2019-10-06",0
"2019-10-07",0
"2019-10-08",0
"2019-10-09",0
"2019-10-10",0
"2019-10-11",0
"2019-10-12",0
"2019-10-13",0
"2019-10-14",0
"2019-10-15",0
"2019-10-16",0
"2019-10-17",0
"2019-10-18",0
"2019-10-19",0
"2019-10-20",0
"2019-10-21",0
"2019-10-22",0
"2019-10-23",0
"2019-10-24",0
"2019-10-25",0
"2019-10-26",0
"2019-10-27",0
"2019-10-28",0
"2019-10-29",0
"2019-10-30",0
"2019-10-31",0
"2019-11-01",0
"2019-11-02",0
"2019-11-03",0
"2019-11-04",0
"2019-11-05",0
"2019-11-06",0
"2019-11-07",0
"2019-11-08",0
"2019-11-09",0
"2019-11-10",0
"2019-11-11",0
"2019-11-12",0
"2019-11-13",0
"2019-11-14",0
"2019-11-15",0
"2019-11-16",0
"2019-11-17",0
"2019-11-18",0
"2019-11-19",0.3
"2019-11-20",0
"2019-11-21",0
"2019-11-22",0
"2019-11-23",0
"2019-11-24",0
"2019-11-25",0
"2019-11-26",16.243
"2019-11-27",14.4094
"2019-11-28",1.571
"2019-11-29",1.0671
"2019-11-30",17.4965
"2019-12-01",34.1139
"2019-12-02",18.2561
"2019-12-03",16.3079
"2019-12-04",17.5363
"2019-12-05",0
"2019-12-06",1.3135
"2019-12-07",8.3403
"2019-12-08",6.5535
"2019-12-09",0
"2019-12-10",0
"2019-12-11",0
"2019-12-12",0
"2019-12-13",0.9145
"2019-12-14",2.0376
"2019-12-15",0
"2019-12-16",0
"2019-12-17",0.9927
"2019-12-18",2.5423
"2019-12-19",0
"2019-12-20",0
"2019-12-21",0
"2019-12-22",11.6426
"2019-12-23",0
"2019-12-24",0.021
"2019-12-25",22.0113
"2019-12-26",0.0668
"2019-12-27",0
"2019-12-28",0
"2019-12-29",16.8161
"2019-12-30",0
"2019-12-31",0
"2020-01-01",0
"2020-01-02",0
"2020-01-03",0
"2020-01-04",0
"2020-01-05",0
"2020-01-06",0
"2020-01-07",0
"2020-01-08",0
"2020-01-09",4.29
"2020-01-10",0
"2020-01-11",0
"2020-01-12",0.1412
"2020-01-13",0.5938
"2020-01-14",0.9077
"2020-01-15",0
"2020-01-16",18.5877
"2020-01-17",0
"2020-01-18",0
"2020-01-19",0
"2020-01-20",0.968
"2020-01-21",0
"2020-01-22",0
"2020-01-23",0
"2020-01-24",0
"2020-01-25",0.3605
"2020-01-26",0
"2020-01-27",0
"2020-01-28",0
"2020-01-29",0
"2020-01-30",0
"2020-01-31",0
"2020-02-01",0
"2020-02-02",0
"2020-02-03",0
"2020-02-04",0
"2020-02-05",0
"2020-02-06",0
"2020-02-07",0
"2020-02-08",0
"2020-02-09",0
"2020-02-10",0
"2020-02-11",0
"2020-02-12",0
"2020-02-13",0
"2020-02-14",0
"2020-02-15",0
"2020-02-16",0
"2020-02-17",0
"2020-02-18",0
"2020-02-19",0
"2020-02-20",0
"2020-02-21",0
"2020-02-22",0
"2020-02-23",0
"2020-02-24",0
"2020-02-25",0
"2020-02-26",0
"2020-02-27",0
"2020-02-28",0
"2020-02-29",0
"2020-03-01",0.4186
"2020-03-02",0
"2020-03-03",0
"2020-03-04",0
"2020-03-05",0
"2020-03-06",0
"2020-03-07",1.8442
"2020-03-08",0
"2020-03-09",0
"2020-03-10",6.6693
"2020-03-11",4.3771
"2020-03-12",0
"2020-03-13",0
"2020-03-14",4.0966
"2020-03-15",14.8091
"2020-03-16",11.7841
"2020-03-17",1.4844
"2020-03-18",0.4464
"2020-03-19",0.8447
"2020-03-20",2.8835
"2020-03-21",3.4971
"2020-03-22",10.6007
"2020-03-23",0.1912
"2020-03-24",3.1037
"2020-03-25",2.3236
"2020-03-26",0.7908
"2020-03-27",0
"2020-03-28",1.8748
"2020-03-29",1.0512
"2020-03-30",0
"2020-03-31",0
"2020-04-01",0
"2020-04-02",0
"2020-04-03",0
"2020-04-04",0.7403
"2020-04-05",26.8636
"2020-04-06",3.7162
"2020-04-07",0
"2020-04-08",2.2803
"2020-04-09",2.5979
"2020-04-10",0
"2020-04-11",0
"2020-04-12",0
"2020-04-13",0
"2020-04-14",0
"2020-04-15",0
"2020-04-16",0
"2020-04-17",0.5953
"2020-04-18",0
"2020-04-19",0
"2020-04-20",1.4739
"2020-04-21",0
"2020-04-22",0
"2020-04-23",0
"2020-04-24",0
"2020-04-25",0
"2020-04-26",0
"2020-04-27",0
"2020-04-28",0
"2020-04-29",0
"2020-04-30",0
"2020-05-01",0
"2020-05-02",0
"2020-05-03",0
"2020-05-04",0
"2020-05-05",0
"2020-05-06",0
"2020-05-07",0
"2020-05-08",0
"2020-05-09",0
"2020-05-10",0
"2020-05-11",0
"2020-05-12",0.1981
"2020-05-13",0
"2020-05-14",0
"2020-05-15",0
"2020-05-16",0
"2020-05-17",3.8535
"2020-05-18",2.4292
"2020-05-19",0
"2020-05-20",0
"2020-05-21",0
"2020-05-22",0
"2020-05-23",0
"2020-05-24",0
"2020-05-25",0
"2020-05-26",0
"2020-05-27",0
"2020-05-28",0
"2020-05-29",0
"2020-05-30",1.2739
"2020-05-31",0
"2020-06-01",0
"2020-06-02",0
"2020-06-03",0
"2020-06-04",0
"2020-06-05",0
"2020-06-06",0
"2020-06-07",0
"2020-06-08",0
"2020-06-09",0
"2020-06-10",0
"2020-06-11",0
"2020-06-12",0
"2020-06-13",0
"2020-06-14",0
"2020-06-15",0
"2020-06-16",0
"2020-06-17",0
"2020-06-18",0
"2020-06-19",0
"2020-06-20",0
"2020-06-21",0
"2020-06-22",0
"2020-06-23",0
"2020-06-24",0
"2020-06-25",0
"2020-06-26",0
"2020-06-27",0
"2020-06-28",0
"2020-06-29",0
"2020-06-30",0
"2020-07-01",0
"2020-07-02",0
"2020-07-03",0
"2020-07-04",0
"2020-07-05",0
"2020-07-06",0
"2020-07-07",0
"2020-07-08",0
"2020-07-09",0
"2020-07-10",0
"2020-07-11",0
"2020-07-12",0
"2020-07-13",0
"2020-07-14",0
"2020-07-15",0
"2020-07-16",0
"2020-07-17",0
"2020-07-18",0
"2020-07-19",0
"2020-07-20",0
"2020-07-21",0
"2020-07-22",0
"2020-07-23",0
"2020-07-24",0
"2020-07-25",0
"2020-07-26",0
"2020-07-27",0
"2020-07-28",0
"2020-07-29",0
"2020-07-30",0
"2020-07-31",0
"2020-08-01",0
"2020-08-02",0
"2020-08-03",0
"2020-08-04",0
"2020-08-05",0
"2020-08-06",0
"2020-08-07",0
"2020-08-08",0
"2020-08-09",0
"2020-08-10",0
"2020-08-11",0
"2020-08-12",0
"2020-08-13",0
"2020-08-14",0
"2020-08-15",0
"2020-08-16",0
"2020-08-17",0
"2020-08-18",0
"2020-08-19",0
"2020-08-20",0
"2020-08-21",0
"2020-08-22",0
"2020-08-23",0
"2020-08-24",0
"2020-08-25",0
"2020-08-26",0
"2020-08-27",0
"2020-08-28",0
"2020-08-29",0
"2020-08-30",0
"2020-08-31",0
"2020-09-01",0
"2020-09-02",0
"2020-09-03",0
"2020-09-04",0
"2020-09-05",0
"2020-09-06",0
"2020-09-07",0
"2020-09-08",0
"2020-09-09",0
"2020-09-10",0
"2020-09-11",0
"2020-09-12",0
"2020-09-13",0
"2020-09-14",0
"2020-09-15",0
"2020-09-16",0
"2020-09-17",0
"2020-09-18",0
"2020-09-19",0
"2020-09-20",0
"2020-09-21",0
"2020-09-22",0
"2020-09-23",0
"2020-09-24",0
"2020-09-25",0
"2020-09-26",0
"2020-09-27",0
"2020-09-28",0
"2020-09-29",0
"2020-09-30",0
"2020-10-01",0
"2020-10-02",0
"2020-10-03",0
"2020-10-04",0
"2020-10-05",0
"2020-10-06",0
"2020-10-07",0
"2020-10-08",0
"2020-10-09",0
"2020-10-10",0
"2020-10-11",0
"2020-10-12",0
"2020-10-13",0
"2020-10-14",0
"2020-10-15",0
"2020-10-16",0
"2020-10-17",0
"2020-10-18",0
"2020-10-19",0
"2020-10-20",0
"2020-10-21",0
"2020-10-22",0
"2020-10-23",0
"2020-10-24",0
"2020-10-25",0
"2020-10-26",0
"2020-10-27",0
"2020-10-28",0
"2020-10-29",0
"2020-10-30",0
"2020-10-31",0
"2020-11-01",0
"2020-11-02",0
"2020-11-03",0
"2020-11-04",0
"2020-11-05",0
"2020-11-06",4.3682
"2020-11-07",1.2035
"2020-11-08",1.22
"2020-11-09",0
"2020-11-10",0
"2020-11-11",0
"2020-11-12",0
"2020-11-13",1.3922
"2020-11-14",0
"2020-11-15",0
"2020-11-16",0
"2020-11-17",1.847
"2020-11-18",0.8982
"2020-11-19",0
"2020-11-20",0
"2020-11-21",0
"2020-11-22",0
"2020-11-23",0
"2020-11-24",0
"2020-11-25",0
"2020-11-26",0
"2020-11-27",0
"2020-11-28",0
"2020-11-29",0
"2020-11-30",0
"2020-12-01",0
"2020-12-02",0
"2020-12-03",0
"2020-12-04",0
"2020-12-05",0
"2020-12-06",0
"2020-12-07",0
"2020-12-08",0
"2020-12-09",0
"2020-12-10",0
"2020-12-11",5.1417
"2020-12-12",0.8484
"2020-12-13",6.0127
"2020-12-14",0
"2020-12-15",0
"2020-12-16",1.2588
"2020-12-17",3.0257
"2020-12-18",0
"2020-12-19",0
"2020-12-20",0
"2020-12-21",0
"2020-12-22",0
"2020-12-23",0
"2020-12-24",0
"2020-12-25",0.4171
"2020-12-26",0
"2020-12-27",1.7838
"2020-12-28",4.8243
"2020-12-29",0
"2020-12-30",1.4523
"2020-12-31",0.4108
"2021-01-01",0
"2021-01-02",0
"2021-01-03",0
"2021-01-04",0.5512
"2021-01-05",0
"2021-01-06",0
"2021-01-07",0
"2021-01-08",0
"2021-01-09",0
"2021-01-10",0
"2021-01-11",0
"2021-01-12",0
"2021-01-13",0
"2021-01-14",0
"2021-01-15",0
"2021-01-16",0
"2021-01-17",0
"2021-01-18",0
"2021-01-19",0
"2021-01-20",0
"2021-01-21",0
"2021-01-22",5.2427
"2021-01-23",0.4177
"2021-01-24",4.9092
"2021-01-25",2.0065
"2021-01-26",14.8412
"2021-01-27",91.569
"2021-01-28",21.9419
"2021-01-29",0.9814
"2021-01-30",0
"2021-01-31",0
"2021-02-01",0
"2021-02-02",1.2294
"2021-02-03",0
"2021-02-04",0
"2021-02-05",0
"2021-02-06",0
"2021-02-07",0
"2021-02-08",0
"2021-02-09",0
"2021-02-10",0
"2021-02-11",4.4882
"2021-02-12",0
"2021-02-13",0.6673
"2021-02-14",0.0752
"2021-02-15",0.5802
"2021-02-16",0
"2021-02-17",0
"2021-02-18",0
"2021-02-19",0.0842
"2021-02-20",0
"2021-02-21",0
"2021-02-22",0
"2021-02-23",0
"2021-02-24",0
"2021-02-25",0
"2021-02-26",0
"2021-02-27",0
"2021-02-28",0
"2021-03-01",0
"2021-03-02",0
"2021-03-03",0
"2021-03-04",0
"2021-03-05",1.2807
"2021-03-06",1.1323
"2021-03-07",0
"2021-03-08",0
"2021-03-09",7.9323
"2021-03-10",6.0694
"2021-03-11",0.6096
"2021-03-12",0
"2021-03-13",0
"2021-03-14",4.5963
"2021-03-15",2.0966
"2021-03-16",0
"2021-03-17",0
"2021-03-18",3.5799
"2021-03-19",6.1875
"2021-03-20",0
"2021-03-21",0
"2021-03-22",0
"2021-03-23",0
"2021-03-24",0
"2021-03-25",0.9044
"2021-03-26",0
"2021-03-27",0
"2021-03-28",0
"2021-03-29",0
"2021-03-30",0
"2021-03-31",0
"2021-04-01",0
"2021-04-02",0
"2021-04-03",0
"2021-04-04",0
"2021-04-05",0
"2021-04-06",0
"2021-04-07",0
"2021-04-08",0
"2021-04-09",0
"2021-04-10",0
"2021-04-11",0
"2021-04-12",0
"2021-04-13",0
"2021-04-14",0
"2021-04-15",0
"2021-04-16",0
"2021-04-17",0
"2021-04-18",0
"2021-04-19",0
"2021-04-20",0
"2021-04-21",0
"2021-04-22",0
"2021-04-23",0
"2021-04-24",0
"2021-04-25",1.0704
"2021-04-26",0
"2021-04-27",0
"2021-04-28",0
"2021-04-29",0
"2021-04-30",0
"2021-05-01",0
"2021-05-02",0
"2021-05-03",0
"2021-05-04",0
"2021-05-05",0
"2021-05-06",0
"2021-05-07",0
"2021-05-08",0
"2021-05-09",0
"2021-05-10",0
"2021-05-11",0
"2021-05-12",0
"2021-05-13",0
"2021-05-14",0
"2021-05-15",0
"2021-05-16",0
"2021-05-17",0
"2021-05-18",0
"2021-05-19",0
"2021-05-20",0
"2021-05-21",0
"2021-05-22",0
"2021-05-23",0
"2021-05-24",0
"2021-05-25",0
"2021-05-26",0
"2021-05-27",0
"2021-05-28",0
"2021-05-29",0
"2021-05-30",0
"2021-05-31",0
"2021-06-01",0
"2021-06-02",0
"2021-06-03",0
"2021-06-04",0
"2021-06-05",0
"2021-06-06",0
"2021-06-07",0
"2021-06-08",0
"2021-06-09",0
"2021-06-10",0
"2021-06-11",0
"2021-06-12",0
"2021-06-13",0
"2021-06-14",0
"2021-06-15",0
"2021-06-16",0
"2021-06-17",0
"2021-06-18",0
"2021-06-19",0
"2021-06-20",0
"2021-06-21",0
"2021-06-22",0
"2021-06-23",0
"2021-06-24",0
"2021-06-25",0
"2021-06-26",0
"2021-06-27",0
"2021-06-28",0
"2021-06-29",0
"2021-06-30",0
"2021-07-01",0
"2021-07-02",0
"2021-07-03",0
"2021-07-04",0
"2021-07-05",0
"2021-07-06",0
"2021-07-07",0
"2021-07-08",0
"2021-07-09",0
"2021-07-10",0
"2021-07-11",0
"2021-07-12",0
"2021-07-13",0
"2021-07-14",0
"2021-07-15",0
"2021-07-16",0
"2021-07-17",0
"2021-07-18",0
"2021-07-19",0
"2021-07-20",0
"2021-07-21",0
"2021-07-22",0
"2021-07-23",0
"2021-07-24",0
"2021-07-25",0
"2021-07-26",0
"2021-07-27",0
"2021-07-28",0
"2021-07-29",0
"2021-07-30",0
"2021-07-31",0
"2021-08-01",0
"2021-08-02",0
"2021-08-03",0
"2021-08-04",0
"2021-08-05",0
"2021-08-06",0
"2021-08-07",0
"2021-08-08",0
"2021-08-09",0
"2021-08-10",0
"2021-08-11",0
"2021-08-12",0
"2021-08-13",0
"2021-08-14",0
"2021-08-15",0
"2021-08-16",0
"2021-08-17",0
"2021-08-18",0
"2021-08-19",0
"2021-08-20",0
"2021-08-21",0
"2021-08-22",0
"2021-08-23",0
"2021-08-24",0
"2021-08-25",0
"2021-08-26",0
"2021-08-27",0
"2021-08-28",0
"2021-08-29",0
"2021-08-30",0
"2021-08-31",0
"2021-09-01",0
"2021-09-02",0
"2021-09-03",0
"2021-09-04",0
"2021-09-05",0
"2021-09-06",0
"2021-09-07",0
"2021-09-08",0
"2021-09-09",0
"2021-09-10",0
"2021-09-11",0
"2021-09-12",0
"2021-09-13",0
"2021-09-14",0
"2021-09-15",0
"2021-09-16",0
"2021-09-17",0
"2021-09-18",0
"2021-09-19",0
"2021-09-20",0
"2021-09-21",0
"2021-09-22",0
"2021-09-23",0
"2021-09-24",0
"2021-09-25",0
"2021-09-26",0
"2021-09-27",0
"2021-09-28",0
"2021-09-29",0
"2021-09-30",0
"2021-10-01",0
"2021-10-02",0
"2021-10-03",0
"2021-10-04",0
"2021-10-05",0
"2021-10-06",0
"2021-10-07",0
"2021-10-08",0
"2021-10-09",0
"2021-10-10",0
"2021-10-11",0
"2021-10-12",0
"2021-10-13",0
"2021-10-14",0
"2021-10-15",0
"2021-10-16",0
"2021-10-17",0.3545
"2021-10-18",0
"2021-10-19",0
"2021-10-20",0.1963
"2021-10-21",0
"2021-10-22",1.6691
"2021-10-23",0
"2021-10-24",32.9436
"2021-10-25",7.5686
"2021-10-26",0
"2021-10-27",0
"2021-10-28",0
"2021-10-29",0
"2021-10-30",0
"2021-10-31",0
"2021-11-01",0.1253
"2021-11-02",0
"2021-11-03",0
"2021-11-04",0.103
"2021-11-05",0
"2021-11-06",0
"2021-11-07",0
"2021-11-08",3.5343
"2021-11-09",0.9491
"2021-11-10",0
"2021-11-11",0
"2021-11-12",0
"2021-11-13",0
"2021-11-14",0
"2021-11-15",0
"2021-11-16",0
"2021-11-17",0
"2021-11-18",0
"2021-11-19",0
"2021-11-20",0
"2021-11-21",0
"2021-11-22",0
"2021-11-23",0
"2021-11-24",0
"2021-11-25",0
"2021-11-26",0
"2021-11-27",0
"2021-11-28",0
"2021-11-29",0
"2021-11-30",0
"2021-12-01",0
"2021-12-02",0
"2021-12-03",0
"2021-12-04",0
"2021-12-05",0
"2021-12-06",1.4324
"2021-12-07",0.5539
"2021-12-08",2.287
"2021-12-09",4.4563
"2021-12-10",0
"2021-12-11",0
"2021-12-12",0.9034
"2021-12-13",62.3078
"2021-12-14",7.7583
"2021-12-15",2.664
"2021-12-16",7.3408
"2021-12-17",0
"2021-12-18",0
"2021-12-19",0
"2021-12-20",0
"2021-12-21",0
"2021-12-22",9.6518
"2021-12-23",21.1448
"2021-12-24",4.3159
"2021-12-25",21.7222
"2021-12-26",3.0824
"2021-12-27",11.9985
"2021-12-28",2.2127
"2021-12-29",3.2095
"2021-12-30",0
"2021-12-31",0
"2022-01-01",0
"2022-01-02",0
"2022-01-03",0
"2022-01-04",0.5512
"2022-01-05",0
"2022-01-06",0
"2022-01-07",1.2546
"2022-01-08",0
"2022-01-09",0
"2022-01-10",0
"2022-01-11",0
"2022-01-12",0
"2022-01-13",0
"2022-01-14",0
"2022-01-15",0
"2022-01-16",0
"2022-01-17",0
"2022-01-18",0
"2022-01-19",0
"2022-01-20",0
"2022-01-21",0
"2022-01-22",0
"2022-01-23",0
"2022-01-24",0
"2022-01-25",0
"2022-01-26",0
"2022-01-27",0
"2022-01-28",0
"2022-01-29",0
"2022-01-30",0
"2022-01-31",0
"2022-02-01",0
"2022-02-02",0
"2022-02-03",0
"2022-02-04",0
"2022-02-05",0
"2022-02-06",0
"2022-02-07",0
"2022-02-08",0
"2022-02-09",0
"2022-02-10",0
"2022-02-11",0
"2022-02-12",0
"2022-02-13",0
"2022-02-14",0
"2022-02-15",0
"2022-02-16",0
"2022-02-17",0
"2022-02-18",0
"2022-02-19",0
"2022-02-20",0
"2022-02-21",2.4139
"2022-02-22",2.5893
"2022-02-23",0.4938
"2022-02-24",0
"2022-02-25",0
"2022-02-26",0
"2022-02-27",0
"2022-02-28",0
"2022-03-01",0
"2022-03-02",0
"2022-03-03",0.3444
"2022-03-04",2.4461
"2022-03-05",1.2821
"2022-03-06",0
"2022-03-07",0
"2022-03-08",0
"2022-03-09",0
"2022-03-10",0
"2022-03-11",0
"2022-03-12",0
"2022-03-13",0
"2022-03-14",0
"2022-03-15",0
"2022-03-16",0
"2022-03-17",0
"2022-03-18",0
"2022-03-19",4.1516
"2022-03-20",0
"2022-03-21",0
"2022-03-22",0
"2022-03-23",0
"2022-03-24",0
"2022-03-25",0
"2022-03-26",0
"2022-03-27",11.3481
"2022-03-28",5.2888
"2022-03-29",0
"2022-03-30",0.2478
"2022-03-31",0
"2022-04-01",0
"2022-04-02",0
"2022-04-03",0
"2022-04-04",0
"2022-04-05",0
"2022-04-06",0
"2022-04-07",0
"2022-04-08",0
"2022-04-09",0
"2022-04-10",0
"2022-04-11",0.9897
"2022-04-12",0
"2022-04-13",0
"2022-04-14",0
"2022-04-15",1.3567
"2022-04-16",2.1586
"2022-04-17",0
"2022-04-18",0
"2022-04-19",0
"2022-04-20",1.3801
"2022-04-21",3.9902
"2022-04-22",1.9395
"2022-04-23",0
"2022-04-24",0
"2022-04-25",0
"2022-04-26",0
"2022-04-27",0
"2022-04-28",0
"2022-04-29",0
"2022-04-30",0
"2022-05-01",0
"2022-05-02",0
"2022-05-03",0
"2022-05-04",0
"2022-05-05",0
"2022-05-06",0
"2022-05-07",0
"2022-05-08",0
"2022-05-09",0
"2022-05-10",0
"2022-05-11",0
"2022-05-12",0
"2022-05-13",0
"2022-05-14",0
"2022-05-15",0
"2022-05-16",0
"2022-05-17",0
"2022-05-18",0
"2022-05-19",0
"2022-05-20",0
"2022-05-21",0
"2022-05-22",0
"2022-05-23",0
"2022-05-24",0
"2022-05-25",0
"2022-05-26",0
"2022-05-27",0
"2022-05-28",0
"2022-05-29",0
"2022-05-30",0
"2022-05-31",0
"2022-06-01",0
"2022-06-02",0
"2022-06-03",0
"2022-06-04",0
"2022-06-05",0
"2022-06-06",0
"2022-06-07",0
"2022-06-08",0
"2022-06-09",0
"2022-06-10",0
"2022-06-11",0
"2022-06-12",0
"2022-06-13",0
"2022-06-14",0
"2022-06-15",0
"2022-06-16",0
"2022-06-17",0
"2022-06-18",0
"2022-06-19",0
"2022-06-20",0
"2022-06-21",0
"2022-06-22",3.1361
"2022-06-23",0
"2022-06-24",0
"2022-06-25",0
"2022-06-26",0
"2022-06-27",0
"2022-06-28",0
"2022-06-29",0
"2022-06-30",0
"2022-07-01",0
"2022-07-02",0
"2022-07-03",0
"2022-07-04",0
"2022-07-05",0
"2022-07-06",0
"2022-07-07",0
"2022-07-08",0
"2022-07-09",0
"2022-07-10",0
"2022-07-11",0
"2022-07-12",0
"2022-07-13",0
"2022-07-14",0
"2022-07-15",0
"2022-07-16",0
"2022-07-17",0