," 5 Year SPI (gridMET Drought) at Polygon 1, 2003-01-01 to 2021-12-01"
"2003-01-05",0.47
"2003-01-10",0.47
"2003-01-15",0.47
"2003-01-20",0.47
"2003-01-25",0.54
"2003-01-30",0.54
"2003-02-04",0.17
"2003-02-09",-0.03
"2003-02-14",-0.03
"2003-02-19",-0.1
"2003-02-24",-0.17
"2003-03-01",-0.1
"2003-03-06",-0.03
"2003-03-11",-0.03
"2003-03-16",0.03
"2003-03-21",0.03
"2003-03-26",-0.03
"2003-03-31",-0.03
"2003-04-05",-0.1
"2003-04-10",-0.1
"2003-04-15",-0.1
"2003-04-20",-0.1
"2003-04-25",-0.1
"2003-04-30",-0.03
"2003-05-05",-0.1
"2003-05-10",-0.1
"2003-05-15",-0.1
"2003-05-20",-0.1
"2003-05-25",-0.17
"2003-05-30",-0.17
"2003-06-04",-0.17
"2003-06-09",-0.17
"2003-06-14",-0.17
"2003-06-19",-0.17
"2003-06-24",-0.17
"2003-06-29",-0.17
"2003-07-04",-0.17
"2003-07-09",-0.17
"2003-07-14",-0.17
"2003-07-19",-0.17
"2003-07-24",-0.17
"2003-07-29",-0.17
"2003-08-03",-0.17
"2003-08-08",-0.17
"2003-08-13",-0.17
"2003-08-18",-0.17
"2003-08-23",-0.17
"2003-08-28",-0.17
"2003-09-02",-0.17
"2003-09-07",-0.17
"2003-09-12",-0.17
"2003-09-17",-0.17
"2003-09-22",-0.17
"2003-09-27",-0.17
"2003-10-02",-0.17
"2003-10-07",-0.17
"2003-10-12",-0.17
"2003-10-17",-0.17
"2003-10-22",-0.24
"2003-10-27",-0.24
"2003-11-01",-0.17
"2003-11-06",-0.17
"2003-11-11",-0.17
"2003-11-16",-0.17
"2003-11-21",-0.24
"2003-11-26",-0.32
"2003-12-01",-0.39
"2003-12-06",-0.39
"2003-12-11",-0.39
"2003-12-16",-0.39
"2003-12-21",-0.39
"2003-12-26",-0.39
"2003-12-31",-0.32
"2004-01-05",-0.1
"2004-01-10",-0.1
"2004-01-15",-0.1
"2004-01-20",-0.1
"2004-01-25",-0.24
"2004-01-30",-0.24
"2004-02-04",-0.32
"2004-02-09",-0.39
"2004-02-14",-0.39
"2004-02-19",-0.32
"2004-02-24",-0.32
"2004-02-29",-0.17
"2004-03-05",-0.1
"2004-03-10",-0.1
"2004-03-15",-0.1
"2004-03-20",-0.17
"2004-03-25",-0.32
"2004-03-30",-0.17
"2004-04-04",-0.17
"2004-04-09",-0.24
"2004-04-14",-0.32
"2004-04-19",-0.32
"2004-04-24",-0.32
"2004-04-29",-0.24
"2004-05-04",-0.24
"2004-05-09",-0.24
"2004-05-14",-0.24
"2004-05-19",-0.24
"2004-05-24",-0.24
"2004-05-29",-0.24
"2004-06-03",-0.24
"2004-06-08",-0.24
"2004-06-13",-0.24
"2004-06-18",-0.24
"2004-06-23",-0.24
"2004-06-28",-0.24
"2004-07-03",-0.24
"2004-07-08",-0.24
"2004-07-13",-0.24
"2004-07-18",-0.24
"2004-07-23",-0.24
"2004-07-28",-0.24
"2004-08-02",-0.24
"2004-08-07",-0.24
"2004-08-12",-0.24
"2004-08-17",-0.24
"2004-08-22",-0.24
"2004-08-27",-0.24
"2004-09-01",-0.24
"2004-09-06",-0.24
"2004-09-11",-0.24
"2004-09-16",-0.24
"2004-09-21",-0.24
"2004-09-26",-0.24
"2004-10-01",-0.24
"2004-10-06",-0.24
"2004-10-11",-0.24
"2004-10-16",-0.24
"2004-10-21",-0.1
"2004-10-26",-0.03
"2004-10-31",-0.03
"2004-11-05",-0.03
"2004-11-10",-0.1
"2004-11-15",-0.1
"2004-11-20",-0.1
"2004-11-25",-0.03
"2004-11-30",-0.1
"2004-12-05",-0.1
"2004-12-10",-0.03
"2004-12-15",-0.1
"2004-12-20",-0.03
"2004-12-25",-0.03
"2004-12-30",0.24
"2005-01-05",0.17
"2005-01-10",0.24
"2005-01-15",0.32
"2005-01-20",0.1
"2005-01-25",0.03
"2005-01-30",0.1
"2005-02-04",0.03
"2005-02-09",0.17
"2005-02-14",0.1
"2005-02-19",0.24
"2005-02-24",0.17
"2005-03-01",0.17
"2005-03-06",0.24
"2005-03-11",0.1
"2005-03-16",0.1
"2005-03-21",0.17
"2005-03-26",0.17
"2005-03-31",0.17
"2005-04-05",0.17
"2005-04-10",0.17
"2005-04-15",0.17
"2005-04-20",0.17
"2005-04-25",0.17
"2005-04-30",0.24
"2005-05-05",0.24
"2005-05-10",0.24
"2005-05-15",0.24
"2005-05-20",0.24
"2005-05-25",0.24
"2005-05-30",0.24
"2005-06-04",0.24
"2005-06-09",0.24
"2005-06-14",0.24
"2005-06-19",0.24
"2005-06-24",0.24
"2005-06-29",0.24
"2005-07-04",0.24
"2005-07-09",0.24
"2005-07-14",0.24
"2005-07-19",0.24
"2005-07-24",0.24
"2005-07-29",0.24
"2005-08-03",0.24
"2005-08-08",0.24
"2005-08-13",0.24
"2005-08-18",0.24
"2005-08-23",0.24
"2005-08-28",0.24
"2005-09-02",0.24
"2005-09-07",0.24
"2005-09-12",0.24
"2005-09-17",0.24
"2005-09-22",0.24
"2005-09-27",0.24
"2005-10-02",0.24
"2005-10-07",0.24
"2005-10-12",0.24
"2005-10-17",0.17
"2005-10-22",0.24
"2005-10-27",0.17
"2005-11-01",0.17
"2005-11-06",0.17
"2005-11-11",0.17
"2005-11-16",0.17
"2005-11-21",0.17
"2005-11-26",0.17
"2005-12-01",0.17
"2005-12-06",0.17
"2005-12-11",0.24
"2005-12-16",0.24
"2005-12-21",0.32
"2005-12-26",0.32
"2005-12-31",0.39
"2006-01-05",0.32
"2006-01-10",0.32
"2006-01-15",0.24
"2006-01-20",0.32
"2006-01-25",0.1
"2006-01-30",0.1
"2006-02-04",0.1
"2006-02-09",0.1
"2006-02-14",0.17
"2006-02-19",0.1
"2006-02-24",0.03
"2006-03-01",0.24
"2006-03-06",0.1
"2006-03-11",0.24
"2006-03-16",0.24
"2006-03-21",0.24
"2006-03-26",0.24
"2006-03-31",0.24
"2006-04-05",0.39
"2006-04-10",0.39
"2006-04-15",0.39
"2006-04-20",0.39
"2006-04-25",0.39
"2006-04-30",0.39
"2006-05-05",0.39
"2006-05-10",0.39
"2006-05-15",0.39
"2006-05-20",0.39
"2006-05-25",0.39
"2006-05-30",0.39
"2006-06-04",0.39
"2006-06-09",0.39
"2006-06-14",0.39
"2006-06-19",0.39
"2006-06-24",0.39
"2006-06-29",0.39
"2006-07-04",0.39
"2006-07-09",0.39
"2006-07-14",0.39
"2006-07-19",0.39
"2006-07-24",0.39
"2006-07-29",0.39
"2006-08-03",0.39
"2006-08-08",0.39
"2006-08-13",0.39
"2006-08-18",0.39
"2006-08-23",0.39
"2006-08-28",0.39
"2006-09-02",0.39
"2006-09-07",0.39
"2006-09-12",0.39
"2006-09-17",0.39
"2006-09-22",0.39
"2006-09-27",0.39
"2006-10-02",0.39
"2006-10-07",0.39
"2006-10-12",0.39
"2006-10-17",0.39
"2006-10-22",0.39
"2006-10-27",0.39
"2006-11-01",0.39
"2006-11-06",0.39
"2006-11-11",0.39
"2006-11-16",0.39
"2006-11-21",0.39
"2006-11-26",0.39
"2006-12-01",0.39
"2006-12-06",0.39
"2006-12-11",0.39
"2006-12-16",0.39
"2006-12-21",0.39
"2006-12-26",0.39
"2006-12-31",0.32
"2007-01-05",0.24
"2007-01-10",0.17
"2007-01-15",0.17
"2007-01-20",0.24
"2007-01-25",0.24
"2007-01-30",0.24
"2007-02-04",0.32
"2007-02-09",0.32
"2007-02-14",0.39
"2007-02-19",0.32
"2007-02-24",0.39
"2007-03-01",0.47
"2007-03-06",0.47
"2007-03-11",0.32
"2007-03-16",0.39
"2007-03-21",0.39
"2007-03-26",0.39
"2007-03-31",0.39
"2007-04-05",0.32
"2007-04-10",0.32
"2007-04-15",0.32
"2007-04-20",0.32
"2007-04-25",0.32
"2007-04-30",0.32
"2007-05-05",0.32
"2007-05-10",0.32
"2007-05-15",0.32
"2007-05-20",0.32
"2007-05-25",0.32
"2007-05-30",0.32
"2007-06-04",0.32
"2007-06-09",0.32
"2007-06-14",0.32
"2007-06-19",0.32
"2007-06-24",0.32
"2007-06-29",0.32
"2007-07-04",0.32
"2007-07-09",0.32
"2007-07-14",0.32
"2007-07-19",0.32
"2007-07-24",0.32
"2007-07-29",0.32
"2007-08-03",0.32
"2007-08-08",0.32
"2007-08-13",0.32
"2007-08-18",0.32
"2007-08-23",0.32
"2007-08-28",0.32
"2007-09-02",0.32
"2007-09-07",0.32
"2007-09-12",0.32
"2007-09-17",0.32
"2007-09-22",0.32
"2007-09-27",0.32
"2007-10-02",0.32
"2007-10-07",0.32
"2007-10-12",0.32
"2007-10-17",0.32
"2007-10-22",0.32
"2007-10-27",0.32
"2007-11-01",0.32
"2007-11-06",0.32
"2007-11-11",0.32
"2007-11-16",0.32
"2007-11-21",0.32
"2007-11-26",0.32
"2007-12-01",0.32
"2007-12-06",0.32
"2007-12-11",0.32
"2007-12-16",0.17
"2007-12-21",0.1
"2007-12-26",0.1
"2007-12-31",0.03
"2008-01-05",0.1
"2008-01-10",0.03
"2008-01-15",0.03
"2008-01-20",0.03
"2008-01-25",0.17
"2008-01-30",0.32
"2008-02-04",0.39
"2008-02-09",0.39
"2008-02-14",0.32
"2008-02-19",0.39
"2008-02-24",0.47
"2008-02-29",0.39
"2008-03-05",0.39
"2008-03-10",0.39
"2008-03-15",0.32
"2008-03-20",0.32
"2008-03-25",0.39
"2008-03-30",0.32
"2008-04-04",0.24
"2008-04-09",0.24
"2008-04-14",0.24
"2008-04-19",0.24
"2008-04-24",0.24
"2008-04-29",0.17
"2008-05-04",0.17
"2008-05-09",0.17
"2008-05-14",0.17
"2008-05-19",0.17
"2008-05-24",0.17
"2008-05-29",0.17
"2008-06-03",0.17
"2008-06-08",0.17
"2008-06-13",0.17
"2008-06-18",0.17
"2008-06-23",0.17
"2008-06-28",0.17
"2008-07-03",0.17
"2008-07-08",0.17
"2008-07-13",0.17
"2008-07-18",0.17
"2008-07-23",0.17
"2008-07-28",0.17
"2008-08-02",0.17
"2008-08-07",0.17
"2008-08-12",0.17
"2008-08-17",0.17
"2008-08-22",0.17
"2008-08-27",0.17
"2008-09-01",0.17
"2008-09-06",0.17
"2008-09-11",0.17
"2008-09-16",0.17
"2008-09-21",0.17
"2008-09-26",0.17
"2008-10-01",0.17
"2008-10-06",0.17
"2008-10-11",0.17
"2008-10-16",0.1
"2008-10-21",0.17
"2008-10-26",0.24
"2008-10-31",0.24
"2008-11-05",0.24
"2008-11-10",0.24
"2008-11-15",0.24
"2008-11-20",0.24
"2008-11-25",0.24
"2008-11-30",0.24
"2008-12-05",0.24
"2008-12-10",0.17
"2008-12-15",0.32
"2008-12-20",0.24
"2008-12-25",0.24
"2008-12-30",0.17
"2009-01-05",-0.03
"2009-01-10",-0.03
"2009-01-15",-0.03
"2009-01-20",-0.03
"2009-01-25",-0.03
"2009-01-30",-0.03
"2009-02-04",-0.03
"2009-02-09",0.03
"2009-02-14",0.03
"2009-02-19",0.03
"2009-02-24",0.1
"2009-03-01",0.03
"2009-03-06",0.17
"2009-03-11",0.17
"2009-03-16",0.17
"2009-03-21",0.1
"2009-03-26",0.1
"2009-03-31",0.1
"2009-04-05",0.1
"2009-04-10",0.1
"2009-04-15",0.1
"2009-04-20",0.1
"2009-04-25",0.1
"2009-04-30",0.1
"2009-05-05",0.1
"2009-05-10",0.1
"2009-05-15",0.1
"2009-05-20",0.1
"2009-05-25",0.1
"2009-05-30",0.1
"2009-06-04",0.1
"2009-06-09",0.1
"2009-06-14",0.1
"2009-06-19",0.1
"2009-06-24",0.1
"2009-06-29",0.1
"2009-07-04",0.1
"2009-07-09",0.1
"2009-07-14",0.1
"2009-07-19",0.1
"2009-07-24",0.1
"2009-07-29",0.1
"2009-08-03",0.1
"2009-08-08",0.1
"2009-08-13",0.1
"2009-08-18",0.1
"2009-08-23",0.1
"2009-08-28",0.1
"2009-09-02",0.1
"2009-09-07",0.1
"2009-09-12",0.1
"2009-09-17",0.1
"2009-09-22",0.1
"2009-09-27",0.1
"2009-10-02",0.1
"2009-10-07",0.1
"2009-10-12",0.1
"2009-10-17",0.24
"2009-10-22",0.1
"2009-10-27",0.1
"2009-11-01",0.1
"2009-11-06",0.1
"2009-11-11",0.1
"2009-11-16",0.1
"2009-11-21",0.1
"2009-11-26",0.1
"2009-12-01",0.1
"2009-12-06",0.1
"2009-12-11",0.1
"2009-12-16",0.1
"2009-12-21",0.17
"2009-12-26",0.17
"2009-12-31",-0.1
"2010-01-05",-0.17
"2010-01-10",-0.39
"2010-01-15",-0.39
"2010-01-20",-0.17
"2010-01-25",-0.1
"2010-01-30",-0.17
"2010-02-04",-0.1
"2010-02-09",-0.17
"2010-02-14",-0.24
"2010-02-19",-0.46
"2010-02-24",-0.46
"2010-03-01",-0.46
"2010-03-06",-0.46
"2010-03-11",-0.32
"2010-03-16",-0.32
"2010-03-21",-0.32
"2010-03-26",-0.39
"2010-03-31",-0.39
"2010-04-05",-0.32
"2010-04-10",-0.32
"2010-04-15",-0.24
"2010-04-20",-0.24
"2010-04-25",-0.24
"2010-04-30",-0.32
"2010-05-05",-0.32
"2010-05-10",-0.32
"2010-05-15",-0.32
"2010-05-20",-0.32
"2010-05-25",-0.32
"2010-05-30",-0.32
"2010-06-04",-0.32
"2010-06-09",-0.32
"2010-06-14",-0.32
"2010-06-19",-0.32
"2010-06-24",-0.32
"2010-06-29",-0.32
"2010-07-04",-0.32
"2010-07-09",-0.32
"2010-07-14",-0.32
"2010-07-19",-0.32
"2010-07-24",-0.32
"2010-07-29",-0.32
"2010-08-03",-0.32
"2010-08-08",-0.32
"2010-08-13",-0.32
"2010-08-18",-0.32
"2010-08-23",-0.32
"2010-08-28",-0.32
"2010-09-02",-0.32
"2010-09-07",-0.32
"2010-09-12",-0.32
"2010-09-17",-0.32
"2010-09-22",-0.32
"2010-09-27",-0.32
"2010-10-02",-0.32
"2010-10-07",-0.32
"2010-10-12",-0.32
"2010-10-17",-0.32
"2010-10-22",-0.32
"2010-10-27",-0.32
"2010-11-01",-0.32
"2010-11-06",-0.32
"2010-11-11",-0.32
"2010-11-16",-0.32
"2010-11-21",-0.17
"2010-11-26",-0.17
"2010-12-01",-0.32
"2010-12-06",-0.32
"2010-12-11",-0.32
"2010-12-16",-0.32
"2010-12-21",-0.24
"2010-12-26",-0.32
"2010-12-31",-0.24
"2011-01-05",-0.24
"2011-01-10",-0.17
"2011-01-15",-0.17
"2011-01-20",-0.24
"2011-01-25",-0.32
"2011-01-30",-0.32
"2011-02-04",-0.39
"2011-02-09",-0.32
"2011-02-14",-0.32
"2011-02-19",-0.24
"2011-02-24",-0.24
"2011-03-01",-0.24
"2011-03-06",-0.39
"2011-03-11",-0.46
"2011-03-16",-0.46
"2011-03-21",-0.39
"2011-03-26",-0.24
"2011-03-31",-0.32
"2011-04-05",-0.39
"2011-04-10",-0.39
"2011-04-15",-0.54
"2011-04-20",-0.46
"2011-04-25",-0.46
"2011-04-30",-0.46
"2011-05-05",-0.46
"2011-05-10",-0.46
"2011-05-15",-0.46
"2011-05-20",-0.46
"2011-05-25",-0.46
"2011-05-30",-0.46
"2011-06-04",-0.46
"2011-06-09",-0.46
"2011-06-14",-0.46
"2011-06-19",-0.46
"2011-06-24",-0.46
"2011-06-29",-0.46
"2011-07-04",-0.46
"2011-07-09",-0.46
"2011-07-14",-0.46
"2011-07-19",-0.46
"2011-07-24",-0.46
"2011-07-29",-0.46
"2011-08-03",-0.46
"2011-08-08",-0.46
"2011-08-13",-0.46
"2011-08-18",-0.46
"2011-08-23",-0.46
"2011-08-28",-0.46
"2011-09-02",-0.46
"2011-09-07",-0.46
"2011-09-12",-0.46
"2011-09-17",-0.46
"2011-09-22",-0.46
"2011-09-27",-0.46
"2011-10-02",-0.46
"2011-10-07",-0.46
"2011-10-12",-0.46
"2011-10-17",-0.39
"2011-10-22",-0.39
"2011-10-27",-0.46
"2011-11-01",-0.39
"2011-11-06",-0.39
"2011-11-11",-0.39
"2011-11-16",-0.39
"2011-11-21",-0.46
"2011-11-26",-0.46
"2011-12-01",-0.46
"2011-12-06",-0.46
"2011-12-11",-0.46
"2011-12-16",-0.46
"2011-12-21",-0.46
"2011-12-26",-0.46
"2011-12-31",-0.46
"2012-01-05",-0.46
"2012-01-10",-0.54
"2012-01-15",-0.62
"2012-01-20",-0.62
"2012-01-25",-0.62
"2012-01-30",-0.62
"2012-02-04",-0.54
"2012-02-09",-0.62
"2012-02-14",-0.62
"2012-02-19",-0.62
"2012-02-24",-0.54
"2012-02-29",-0.62
"2012-03-05",-0.62
"2012-03-10",-0.62
"2012-03-15",-0.62
"2012-03-20",-0.54
"2012-03-25",-0.54
"2012-03-30",-0.54
"2012-04-04",-0.54
"2012-04-09",-0.54
"2012-04-14",-0.39
"2012-04-19",-0.39
"2012-04-24",-0.39
"2012-04-29",-0.39
"2012-05-04",-0.39
"2012-05-09",-0.39
"2012-05-14",-0.39
"2012-05-19",-0.39
"2012-05-24",-0.39
"2012-05-29",-0.39
"2012-06-03",-0.39
"2012-06-08",-0.39
"2012-06-13",-0.39
"2012-06-18",-0.39
"2012-06-23",-0.39
"2012-06-28",-0.39
"2012-07-03",-0.39
"2012-07-08",-0.39
"2012-07-13",-0.39
"2012-07-18",-0.39
"2012-07-23",-0.39
"2012-07-28",-0.39
"2012-08-02",-0.39
"2012-08-07",-0.39
"2012-08-12",-0.39
"2012-08-17",-0.39
"2012-08-22",-0.39
"2012-08-27",-0.39
"2012-09-01",-0.39
"2012-09-06",-0.39
"2012-09-11",-0.39
"2012-09-16",-0.39
"2012-09-21",-0.39
"2012-09-26",-0.39
"2012-10-01",-0.39
"2012-10-06",-0.39
"2012-10-11",-0.39
"2012-10-16",-0.46
"2012-10-21",-0.46
"2012-10-26",-0.39
"2012-10-31",-0.46
"2012-11-05",-0.46
"2012-11-10",-0.46
"2012-11-15",-0.46
"2012-11-20",-0.39
"2012-11-25",-0.39
"2012-11-30",-0.24
"2012-12-05",-0.24
"2012-12-10",-0.24
"2012-12-15",-0.17
"2012-12-20",-0.17
"2012-12-25",-0.1
"2012-12-30",-0.03
"2013-01-05",-0.39
"2013-01-10",-0.32
"2013-01-15",-0.32
"2013-01-20",-0.39
"2013-01-25",-0.46
"2013-01-30",-0.54
"2013-02-04",-0.62
"2013-02-09",-0.54
"2013-02-14",-0.54
"2013-02-19",-0.54
"2013-02-24",-0.62
"2013-03-01",-0.54
"2013-03-06",-0.54
"2013-03-11",-0.54
"2013-03-16",-0.54
"2013-03-21",-0.62
"2013-03-26",-0.62
"2013-03-31",-0.62
"2013-04-05",-0.62
"2013-04-10",-0.62
"2013-04-15",-0.62
"2013-04-20",-0.62
"2013-04-25",-0.62
"2013-04-30",-0.62
"2013-05-05",-0.62
"2013-05-10",-0.62
"2013-05-15",-0.62
"2013-05-20",-0.62
"2013-05-25",-0.62
"2013-05-30",-0.62
"2013-06-04",-0.62
"2013-06-09",-0.62
"2013-06-14",-0.62
"2013-06-19",-0.62
"2013-06-24",-0.62
"2013-06-29",-0.62
"2013-07-04",-0.62
"2013-07-09",-0.62
"2013-07-14",-0.62
"2013-07-19",-0.62
"2013-07-24",-0.62
"2013-07-29",-0.62
"2013-08-03",-0.62
"2013-08-08",-0.62
"2013-08-13",-0.62
"2013-08-18",-0.62
"2013-08-23",-0.62
"2013-08-28",-0.62
"2013-09-02",-0.62
"2013-09-07",-0.62
"2013-09-12",-0.62
"2013-09-17",-0.62
"2013-09-22",-0.62
"2013-09-27",-0.62
"2013-10-02",-0.54
"2013-10-07",-0.54
"2013-10-12",-0.54
"2013-10-17",-0.54
"2013-10-22",-0.54
"2013-10-27",-0.54
"2013-11-01",-0.54
"2013-11-06",-0.54
"2013-11-11",-0.54
"2013-11-16",-0.54
"2013-11-21",-0.54
"2013-11-26",-0.54
"2013-12-01",-0.54
"2013-12-06",-0.54
"2013-12-11",-0.54
"2013-12-16",-0.71
"2013-12-21",-0.71
"2013-12-26",-0.71
"2013-12-31",-0.71
"2014-01-05",-0.71
"2014-01-10",-0.8
"2014-01-15",-0.8
"2014-01-20",-0.71
"2014-01-25",-0.71
"2014-01-30",-0.71
"2014-02-04",-0.71
"2014-02-09",-0.9
"2014-02-14",-1.01
"2014-02-19",-1.13
"2014-02-24",-1.13
"2014-03-01",-0.9
"2014-03-06",-1.13
"2014-03-11",-1.01
"2014-03-16",-1.13
"2014-03-21",-1.01
"2014-03-26",-1.13
"2014-03-31",-1.01
"2014-04-05",-0.8
"2014-04-10",-1.01
"2014-04-15",-0.9
"2014-04-20",-0.8
"2014-04-25",-0.8
"2014-04-30",-0.8
"2014-05-05",-0.8
"2014-05-10",-0.8
"2014-05-15",-0.8
"2014-05-20",-0.8
"2014-05-25",-0.8
"2014-05-30",-0.8
"2014-06-04",-0.8
"2014-06-09",-0.8
"2014-06-14",-0.8
"2014-06-19",-0.8
"2014-06-24",-0.8
"2014-06-29",-0.8
"2014-07-04",-0.8
"2014-07-09",-0.8
"2014-07-14",-0.8
"2014-07-19",-0.8
"2014-07-24",-0.8
"2014-07-29",-0.8
"2014-08-03",-0.8
"2014-08-08",-0.8
"2014-08-13",-0.8
"2014-08-18",-0.8
"2014-08-23",-0.8
"2014-08-28",-0.8
"2014-09-02",-0.8
"2014-09-07",-0.8
"2014-09-12",-0.8
"2014-09-17",-0.9
"2014-09-22",-0.9
"2014-09-27",-0.9
"2014-10-02",-0.9
"2014-10-07",-0.9
"2014-10-12",-0.9
"2014-10-17",-1.28
"2014-10-22",-1.28
"2014-10-27",-1.28
"2014-11-01",-0.9
"2014-11-06",-0.9
"2014-11-11",-0.9
"2014-11-16",-0.9
"2014-11-21",-0.8
"2014-11-26",-0.9
"2014-12-01",-0.71
"2014-12-06",-0.71
"2014-12-11",-0.62
"2014-12-16",-0.62
"2014-12-21",-0.62
"2014-12-26",-0.62
"2014-12-31",-0.62
"2015-01-05",-0.62
"2015-01-10",-0.71
"2015-01-15",-0.71
"2015-01-20",-0.9
"2015-01-25",-1.13
"2015-01-30",-1.13
"2015-02-04",-1.13
"2015-02-09",-1.28
"2015-02-14",-1.28
"2015-02-19",-1.28
"2015-02-24",-1.28
"2015-03-01",-1.45
"2015-03-06",-1.45
"2015-03-11",-1.45
"2015-03-16",-1.69
"2015-03-21",-1.45
"2015-03-26",-1.45
"2015-03-31",-1.69
"2015-04-05",-1.69
"2015-04-10",-1.69
"2015-04-15",-1.69
"2015-04-20",-1.69
"2015-04-25",-1.69
"2015-04-30",-1.69
"2015-05-05",-1.69
"2015-05-10",-1.69
"2015-05-15",-1.69
"2015-05-20",-1.69
"2015-05-25",-1.69
"2015-05-30",-1.69
"2015-06-04",-1.69
"2015-06-09",-1.69
"2015-06-14",-1.69
"2015-06-19",-1.69
"2015-06-24",-1.69
"2015-06-29",-1.69
"2015-07-04",-1.69
"2015-07-09",-1.69
"2015-07-14",-1.69
"2015-07-19",-1.69
"2015-07-24",-1.69
"2015-07-29",-1.69
"2015-08-03",-1.69
"2015-08-08",-1.69
"2015-08-13",-1.69
"2015-08-18",-1.69
"2015-08-23",-1.69
"2015-08-28",-1.69
"2015-09-02",-1.69
"2015-09-07",-1.69
"2015-09-12",-1.69
"2015-09-17",-1.69
"2015-09-22",-1.69
"2015-09-27",-1.69
"2015-10-02",-1.69
"2015-10-07",-1.69
"2015-10-12",-1.69
"2015-10-17",-1.69
"2015-10-22",-1.69
"2015-10-27",-1.69
"2015-11-01",-1.69
"2015-11-06",-1.69
"2015-11-11",-1.69
"2015-11-16",-1.45
"2015-11-21",-1.69
"2015-11-26",-1.69
"2015-12-01",-1.69
"2015-12-06",-1.69
"2015-12-11",-1.69
"2015-12-16",-1.69
"2015-12-21",-2.09
"2015-12-26",-1.69
"2015-12-31",-2.09
"2016-01-05",-2.09
"2016-01-10",-2.09
"2016-01-15",-2.09
"2016-01-20",-2.09
"2016-01-25",-2.09
"2016-01-30",-2.09
"2016-02-04",-2.09
"2016-02-09",-2.09
"2016-02-14",-1.69
"2016-02-19",-1.69
"2016-02-24",-1.69
"2016-02-29",-2.09
"2016-03-05",-2.09
"2016-03-10",-1.69
"2016-03-15",-1.45
"2016-03-20",-1.69
"2016-03-25",-2.09
"2016-03-30",-2.09
"2016-04-04",-2.09
"2016-04-09",-2.09
"2016-04-14",-2.09
"2016-04-19",-2.09
"2016-04-24",-2.09
"2016-04-29",-2.09
"2016-05-04",-2.09
"2016-05-09",-2.09
"2016-05-14",-2.09
"2016-05-19",-2.09
"2016-05-24",-2.09
"2016-05-29",-2.09
"2016-06-03",-2.09
"2016-06-08",-2.09
"2016-06-13",-2.09
"2016-06-18",-2.09
"2016-06-23",-2.09
"2016-06-28",-2.09
"2016-07-03",-2.09
"2016-07-08",-2.09
"2016-07-13",-2.09
"2016-07-18",-2.09
"2016-07-23",-2.09
"2016-07-28",-2.09
"2016-08-02",-2.09
"2016-08-07",-2.09
"2016-08-12",-2.09
"2016-08-17",-2.09
"2016-08-22",-2.09
"2016-08-27",-2.09
"2016-09-01",-2.09
"2016-09-06",-2.09
"2016-09-11",-2.09
"2016-09-16",-2.09
"2016-09-21",-2.09
"2016-09-26",-2.09
"2016-10-01",-2.09
"2016-10-06",-2.09
"2016-10-11",-2.09
"2016-10-16",-2.09
"2016-10-21",-2.09
"2016-10-26",-2.09
"2016-10-31",-2.09
"2016-11-05",-2.09
"2016-11-10",-2.09
"2016-11-15",-2.09
"2016-11-20",-2.09
"2016-11-25",-2.09
"2016-11-30",-2.09
"2016-12-05",-2.09
"2016-12-10",-2.09
"2016-12-15",-2.09
"2016-12-20",-1.69
"2016-12-25",-2.09
"2016-12-30",-1.69
"2017-01-05",-1.45
"2017-01-10",-1.28
"2017-01-15",-1.28
"2017-01-20",-1.01
"2017-01-25",-0.9
"2017-01-30",-0.9
"2017-02-04",-0.9
"2017-02-09",-0.71
"2017-02-14",-0.8
"2017-02-19",-0.71
"2017-02-24",-0.71
"2017-03-01",-0.71
"2017-03-06",-0.71
"2017-03-11",-0.71
"2017-03-16",-0.71
"2017-03-21",-0.71
"2017-03-26",-0.8
"2017-03-31",-0.8
"2017-04-05",-1.01
"2017-04-10",-0.8
"2017-04-15",-1.01
"2017-04-20",-1.01
"2017-04-25",-1.01
"2017-04-30",-1.01
"2017-05-05",-1.01
"2017-05-10",-1.01
"2017-05-15",-1.01
"2017-05-20",-1.01
"2017-05-25",-1.01
"2017-05-30",-1.01
"2017-06-04",-1.01
"2017-06-09",-1.01
"2017-06-14",-1.01
"2017-06-19",-1.01
"2017-06-24",-1.01
"2017-06-29",-1.01
"2017-07-04",-1.01
"2017-07-09",-1.01
"2017-07-14",-1.01
"2017-07-19",-1.01
"2017-07-24",-1.01
"2017-07-29",-1.01
"2017-08-03",-1.01
"2017-08-08",-1.01
"2017-08-13",-1.01
"2017-08-18",-1.01
"2017-08-23",-1.01
"2017-08-28",-1.01
"2017-09-02",-1.01
"2017-09-07",-1.01
"2017-09-12",-1.01
"2017-09-17",-1.01
"2017-09-22",-1.01
"2017-09-27",-1.01
"2017-10-02",-1.01
"2017-10-07",-1.01
"2017-10-12",-1.01
"2017-10-17",-0.9
"2017-10-22",-0.9
"2017-10-27",-1.01
"2017-11-01",-1.13
"2017-11-06",-1.01
"2017-11-11",-1.01
"2017-11-16",-1.01
"2017-11-21",-1.13
"2017-11-26",-1.13
"2017-12-01",-1.13
"2017-12-06",-1.13
"2017-12-11",-1.13
"2017-12-16",-1.13
"2017-12-21",-1.28
"2017-12-26",-1.28
"2017-12-31",-1.45
"2018-01-05",-1.69
"2018-01-10",-1.45
"2018-01-15",-1.45
"2018-01-20",-1.45
"2018-01-25",-1.45
"2018-01-30",-1.45
"2018-02-04",-1.45
"2018-02-09",-1.45
"2018-02-14",-1.45
"2018-02-19",-1.45
"2018-02-24",-1.45
"2018-03-01",-1.28
"2018-03-06",-1.28
"2018-03-11",-1.28
"2018-04-05",-1.13
"2018-04-10",-1.13
"2018-04-15",-1.13
"2018-04-20",-1.13
"2018-04-25",-1.13
"2018-04-30",-1.13
"2018-05-05",-1.13
"2018-05-10",-1.13
"2018-05-15",-1.13
"2018-05-20",-1.13
"2018-05-25",-1.13
"2018-05-30",-1.13
"2018-06-04",-1.13
"2018-06-09",-1.13
"2018-06-14",-1.13
"2018-06-19",-1.13
"2018-06-24",-1.13
"2018-06-29",-1.13
"2018-07-04",-1.13
"2018-07-09",-1.13
"2018-07-14",-1.13
"2018-07-19",-1.13
"2018-07-24",-1.13
"2018-07-29",-1.13
"2018-08-03",-1.13
"2018-08-08",-1.13
"2018-08-13",-1.13
"2018-08-18",-1.13
"2018-08-23",-1.13
"2018-08-28",-1.13
"2018-09-02",-1.13
"2018-09-07",-1.13
"2018-09-12",-1.13
"2018-09-17",-1.13
"2018-09-22",-1.13
"2018-09-27",-1.13
"2018-10-02",-1.13
"2018-10-07",-1.13
"2018-10-12",-1.13
"2018-10-17",-1.01
"2018-10-22",-1.01
"2018-10-27",-0.9
"2018-11-01",-1.01
"2018-11-06",-1.13
"2018-11-11",-1.01
"2018-11-16",-1.13
"2018-11-21",-0.9
"2018-11-26",-0.71
"2018-12-01",-0.62
"2018-12-06",-0.62
"2018-12-11",-0.71
"2018-12-16",-0.54
"2018-12-21",-0.54
"2018-12-26",-0.54
"2018-12-31",-0.54
"2019-01-05",-0.54
"2019-01-10",-0.46
"2019-01-15",-0.54
"2019-01-20",-0.46
"2019-01-25",-0.39
"2019-01-30",-0.39
"2019-02-04",-0.24
"2019-02-09",-0.24
"2019-02-14",-0.1
"2019-02-19",-0.17
"2019-02-24",-0.1
"2019-03-01",-0.39
"2019-03-06",-0.24
"2019-03-11",-0.24
"2019-03-16",-0.17
"2019-03-21",-0.1
"2019-03-26",-0.17
"2019-03-31",-0.24
"2019-04-05",-0.24
"2019-04-10",-0.17
"2019-04-15",-0.17
"2019-04-20",-0.17
"2019-04-25",-0.17
"2019-04-30",-0.17
"2019-05-05",-0.17
"2019-05-10",-0.17
"2019-05-15",-0.17
"2019-05-20",-0.1
"2019-05-25",-0.1
"2019-05-30",-0.1
"2019-06-04",-0.1
"2019-06-09",-0.1
"2019-06-14",-0.1
"2019-06-19",-0.1
"2019-06-24",-0.1
"2019-06-29",-0.1
"2019-07-04",-0.1
"2019-07-09",-0.1
"2019-07-14",-0.1
"2019-07-19",-0.1
"2019-07-24",-0.1
"2019-07-29",-0.1
"2019-08-03",-0.1
"2019-08-08",-0.1
"2019-08-13",-0.1
"2019-08-18",-0.1
"2019-08-23",-0.1
"2019-08-28",-0.1
"2019-09-02",-0.1
"2019-09-07",-0.1
"2019-09-12",-0.1
"2019-09-17",-0.1
"2019-09-22",-0.1
"2019-09-27",-0.1
"2019-10-02",-0.1
"2019-10-07",-0.1
"2019-10-12",-0.1
"2019-10-17",-0.1
"2019-10-22",-0.17
"2019-10-27",-0.17
"2019-11-01",-0.24
"2019-11-06",-0.24
"2019-11-11",-0.17
"2019-11-16",-0.24
"2019-11-21",-0.32
"2019-11-26",-0.24
"2019-12-01",-0.03
"2019-12-06",-0.03
"2019-12-11",-0.17
"2019-12-16",-0.24
"2019-12-21",-0.32
"2019-12-26",-0.17
"2019-12-31",-0.17
"2020-01-05",-0.1
"2020-01-10",-0.1
"2020-01-15",-0.1
"2020-01-20",-0.1
"2020-01-25",-0.1
"2020-01-30",-0.1
"2020-02-04",-0.1
"2020-02-09",-0.17
"2020-02-14",-0.24
"2020-02-19",-0.24
"2020-02-24",-0.32
"2020-02-29",-0.24
"2020-03-05",-0.24
"2020-03-10",-0.24
"2020-03-15",-0.1
"2020-03-20",-0.1
"2020-03-25",0.03
"2020-03-30",0.03
"2020-04-04",0.03
"2020-04-09",0.03
"2020-04-14",0.03
"2020-04-19",0.03
"2020-04-24",0.03
"2020-04-29",0.03
"2020-05-04",0.03
"2020-05-09",-0.03
"2020-05-14",-0.03
"2020-05-19",-0.03
"2020-05-24",-0.03
"2020-05-29",-0.03
"2020-06-03",-0.03
"2020-06-08",-0.03
"2020-06-13",-0.03
"2020-06-18",-0.03
"2020-06-23",-0.03
"2020-06-28",-0.03
"2020-07-03",-0.03
"2020-07-08",-0.03
"2020-07-13",-0.03
"2020-07-18",-0.03
"2020-07-23",-0.03
"2020-07-28",-0.03
"2020-08-02",-0.03
"2020-08-07",-0.03
"2020-08-12",-0.03
"2020-08-17",-0.03
"2020-08-22",-0.03
"2020-08-27",-0.03
"2020-09-01",-0.03
"2020-09-06",-0.03
"2020-09-11",-0.03
"2020-09-16",0.03
"2020-09-21",0.03
"2020-09-26",0.03
"2020-10-01",0.03
"2020-10-06",0.03
"2020-10-11",0.03
"2020-10-16",0.03
"2020-10-21",0.03
"2020-10-26",0.03
"2020-10-31",0.03
"2020-11-05",0.03
"2020-11-10",-0.03
"2020-11-15",-0.03
"2020-11-20",-0.03
"2020-11-25",-0.03
"2020-11-30",-0.03
"2020-12-05",-0.1
"2020-12-10",-0.17
"2020-12-15",-0.17
"2020-12-20",-0.17
"2020-12-25",-0.32
"2020-12-30",-0.39
"2021-01-05",-0.17
"2021-01-10",-0.17
"2021-01-15",-0.17
"2021-01-20",-0.46
"2021-01-25",-0.39
"2021-01-30",-0.1
"2021-02-04",-0.1
"2021-02-09",-0.1
"2021-02-14",-0.1
"2021-02-19",-0.24
"2021-02-24",-0.24
"2021-03-01",-0.24
"2021-03-06",-0.24
"2021-03-11",-0.32
"2021-03-16",-0.32
"2021-03-21",-0.24
"2021-03-26",-0.32
"2021-03-31",-0.17
"2021-04-05",-0.17
"2021-04-10",-0.17
"2021-04-15",-0.17
"2021-04-20",-0.17
"2021-04-25",-0.17
"2021-04-30",-0.17
"2021-05-05",-0.17
"2021-05-10",-0.17
"2021-05-15",-0.24
"2021-05-20",-0.24
"2021-05-25",-0.24
"2021-05-30",-0.24
"2021-06-04",-0.24
"2021-06-09",-0.24
"2021-06-14",-0.24
"2021-06-19",-0.24
"2021-06-24",-0.24
"2021-06-29",-0.24
"2021-07-04",-0.24
"2021-07-09",-0.24
"2021-07-14",-0.24
"2021-07-19",-0.24
"2021-07-24",-0.24
"2021-07-29",-0.24
"2021-08-03",-0.24
"2021-08-08",-0.24
"2021-08-13",-0.24
"2021-08-18",-0.24
"2021-08-23",-0.24
"2021-08-28",-0.24
"2021-09-02",-0.24
"2021-09-07",-0.24
"2021-09-12",-0.24
"2021-09-17",-0.24
"2021-09-22",-0.24
"2021-09-27",-0.24
"2021-10-02",-0.24
"2021-10-07",-0.24
"2021-10-12",-0.24
"2021-10-17",-0.24
"2021-10-22",-0.32
"2021-10-27",-0.17
"2021-11-01",-0.17
"2021-11-06",-0.24
"2021-11-11",-0.17
"2021-11-16",-0.17
"2021-11-21",-0.39
"2021-11-26",-0.39
"2021-12-01",-0.39